Author,Title,Comment,Version,Rating,Vote
æ›¾é¼Žçš“,å¯ä»¥åŠ è¿·å¤±å¹»å¢ƒé€™é¦–æ­Œå—Ž,æ‹œæ‰˜å¿«æ›´æ–°,7.11.00,5,5
Fuxhcffufu,æ­Œè©žå¤§å°çš„å•é¡Œ,"æ›´æ–°å¾Œæ­Œè©žå­—è¶Šå¤§ï¼Œè¶Šæœƒåƒå­—å®Œæ•´æ­Œè©žé¡¯ç¤ºä¸å‡ºä¾†ï¼Œé‚„å¾—ä¸€ç›´åŽ»èª¿æ•´æ­Œè©žå¤§å°æ‰èƒ½å®Œæ•´é¡¯ç¤ºå‡ºä¾†ï¼Œä½†è€äººå®¶è¦–åŠ›ä¸å¥½çœ‹æ­Œè©žå¾ˆä¸æ–¹ä¾¿ï¼Œå¸Œæœ›æ”¹å–„
è¬è¬ðŸ™",7.11.00,5,5
å†·é£²ç†±é£Ÿæ‹‰è‚šå­,ä»€éº¼æ™‚å€™æœƒå‡º æµ®å‹•æ­Œè©žâ‹¯,"é‚„æœ‰ç‚ºä»€éº¼14.2 å°å·¥å…·æ­Œè©žåˆä¸è¦‹äº†
éŽ–å±ä¹Ÿçœ‹ä¸åˆ°æ­Œè©ž 
é‚£å‡ºæ­Œè©žåŠŸèƒ½åˆ°åº•æœ‰ä»€éº¼æ„ç¾©â‹¯",7.11.00,1,1
Sasasasasawu,æ­Œå–®çš„å»ºè­°,"å¸Œæœ›åœ¨æ­Œå–®è£¡é¢æœå°‹åˆ°çš„éŸ³æ¨‚ï¼Œä¹Ÿæœ‰é¸é …å¯ä»¥æŠŠé€™é¦–æ­Œå¾žæ­Œå–®ä¸­åˆªé™¤
å…¶ä»–éƒ½å¾ˆå¥½ç”¨ðŸ‘ðŸ»",7.11.00,5,5
jntung,æ­Œè©žç„¡æ³•å®Œæ•´é¡¯ç¤º,"æ­Œè©žæ¯”è¼ƒé•·çš„å¥å­
æ­Œè©žæ²’è¾¦æ³•å®Œæ•´é¡¯ç¤º",7.11.00,4,4
è¬æ™‰å®,é›¢ç·šæ’­æ”¾,ä»¥å‰éƒ½å¯ä»¥ç„¡é™æ¬¡æ•¸é›¢ç·šæ’­æ”¾éŸ³æ¨‚ï¼Œç‚ºä½•ç¾åœ¨æ”¹æˆä¸€å®šè¦æœ‰ç™½é‡‘æœƒå“¡æ‰èƒ½é›¢ç·šæ’­æ”¾éŸ³æ¨‚ï¼Ÿ,7.11.00,1,1
é³¥ç”Ÿè›‹é›žæ‹‰å±Ž,æ›´æ–°å¾Œæœ‰HIFIçš„é›¢ç·šæ­Œå–®éƒ½æ²’è¾¦æ³•è½,è‡ªå¾žæ›´æ–°ä»¥å¾Œé›¢ç·šæ­Œå–®å…§æœ‰HIFIçš„æ›²ç›®éƒ½æ²’è¾¦æ³•è½äº†ï¼Œæœƒä¸€ç›´å‡ºç¾å¾ˆä¹…æ²’ä¸Šç·šçš„é€šçŸ¥ï¼Œä½†é–‹å•Ÿä¸Šç·šå¾Œå•é¡Œé‚„æ˜¯æ²’è§£æ±º,7.11.00,1,1
ruby_è‹“,é–ƒé€€å•é¡Œ,è½æ­Œè½åˆ°ä¸€åŠçªç„¶é–ƒé€€ é‡é–‹ä¹Ÿæ˜¯æœƒ,7.11.00,2,2
åå­—æ€Žä¹ˆé‚£ä¹ˆå¤šé‡è¦†,æ‰£æ¬¾å®Œæˆä¸çµ¦è½æ­Œ,æ‰£æ¬¾äº†è€Œä¸”æ—¥æœŸé‚„æ²’è®Šé‚„åŽ»ä¸Šå‚³å¾ˆå¤šæ¬¡äº†é‚„æ˜¯ä¸èƒ½è½æ­Œæ˜¯åœ¨é¨™äººæ‰£æ¬¾å—Ž,7.11.00,1,1
æ†¤æ€’çš„é•·æœŸæ„›ç”¨è€…,HiFiéŸ³è³ªç„¡æ³•é¸å–,Iosç‰ˆ å°‡KKBOXæ›´æ–°è‡³æœ€æ–°ç‰ˆä½†æ˜¯ä¸€ç›´ç„¡æ³•è®Šæ›´éŸ³è³ªè¨­å®šï¼ˆwifiè·Ÿè¡Œå‹•ç¶²è·¯éƒ½ä¸€æ¨£ï¼‰ðŸ¤¬,7.11.00,1,1
dcb6325147,æ­Œè©žå°å·¥å…·ä¸è¦‹äº†â‹¯â‹¯,æ›´æ–°å¾Œç™¼ç¾æ­Œè©žå°å·¥å…·ä¸è¦‹äº†ðŸ˜žðŸ˜“ðŸ˜­,7.11.00,4,4
åŒ—æµ·é›ª.ç›¸æ€,è‡ªå‹•åŒæ­¥,"å¼·åˆ¶è‡ªå‹•åŒæ­¥èŽ«åå…¶å¦™ï¼Œä¸åŒè£ç½®å°±æ˜¯æƒ³è½ä¸åŒçš„ä¸è¡Œå—Žï¼Ÿ
å¦å¤–åŒæ­¥å‰é€£æç¤ºç¢ºèªéƒ½æ²’æœ‰æ˜¯æ€Žæ¨£ï¼Œæ ¹æœ¬æ²’è€ƒæ…®ä¸åŒä½¿ç”¨è€…çš„éœ€æ±‚ðŸ˜¡",7.11.00,1,1
Yuusuke Lai,å…¨éƒ¨æ­Œæ›²â‰  é›¢ç·šæ­Œæ›² æ˜¯ä¸‰å°,"å…¨éƒ¨æ­Œæ›²ä¸ƒç™¾å¤šé¦–
é€£ç·šæ­Œæ›²ä¸€åƒå¤šé¦–
ä¸ä¸€æ¨£æ˜¯ä¸‰å°",7.11.00,1,1
Black54230,æ›´æ–°å®Œä¸€ç›´æ–·ç·šé€™å¹¾å¤©æ›´åš´é‡,"åˆ°åº•æ˜¯æ€Žæ¨£æ›´æ–°å®Œä¸€ç›´æ–·ç·šå«ä¸Šç·šï¼Œ
ä¸€é¦–æ­Œè½å®Œå°±æ–·ï¼Œ
æƒ³é›¢ç·šè½ä¹Ÿä¸è¡Œï¼Œ
å¼·åˆ¶ä¸Šç·šï¼Ÿ
ç”¨é€™éº¼ä¹…ç¬¬ä¸€æ¬¡é€™éº¼ç«å¤§ï¼Œ
å«æˆ‘è·³æ§½åŽ»Spotify?????????",7.11.00,2,2
å¤§æ¨¹ç¨®åœ¨åœŸåœ°ä¸Š,ä¸è¦åŒæ­¥,æ­Œå–®å¯ä»¥ä¸è¦åŒæ­¥å—Žï¼,7.11.00,3,3
æ¿€æƒ…æµ·ç‰›,ç‚ºä»€éº¼æ­Œå–®è‡ªå‹•åŒæ­¥äº†ï¼Ÿ,å¦‚é¡Œ,7.11.00,1,1
O.Chen,æ­Œå–®æ˜¯ä»€éº¼æ¨£çš„æ¦‚å¿µ,ä½ è¦åŒæ­¥å°±ç®—äº†ï¼Œä½ è¦æ–°å¢žè‡ªå‹•åŒæ­¥åŠŸèƒ½å°±ç®—äº†ï¼Œé‚„ä¸è®“äººå®¶é¸æ“‡ä¸è¦è‡ªå‹•åŒæ­¥ï¼Œæˆ‘å®¶è£¡å…¬å¸æ‰‹æ©Ÿéƒ½æœ‰ä¸åŒçš„æ­Œå–®è¨­å®šï¼Œæ¯å€‹è¨­å®šéƒ½æ˜¯æˆ‘å¥½å¹¾å¹´ä¾†çš„ç´¯ç©ï¼Œç¾åœ¨å…¨éƒ¨æ··åœ¨ä¸€èµ·ï¼Œæˆ‘å°±å•å•é€™Appèª°å¯«çš„,7.11.00,1,1
qwrrrrttt,ä¸æƒ³è¦å…©å°æ‰‹æ©Ÿéƒ½æ˜¯ä¸€æ¨£çš„æ­Œå–®,"åŒæ­¥æ­Œå–® ä¹‹å‰æ˜Žæ˜Žé‚„å¯ä»¥å–æ¶ˆçš„å•Š
é€™éº¼é€™æ¬¡æ‰“é–‹æ‰‹æ©Ÿ 
ç™¼ç¾åŒæ­¥æ­Œå–®
åœ¨è¨­å®šè£¡é¢ ä¹Ÿæ‰¾ä¸åˆ°
çœŸå¿ƒçš„æ„Ÿåˆ°å‚»çœ¼
é‚„æ˜¯æœ‰ä»€éº¼å…¶ä»–æ–¹æ³•
å¯ä»¥è§£æ±ºé€™å•é¡Œ",7.11.00,3,3
å²èŠå§†^_^,ç‰ˆæ¬Š,ç‚ºä»€éº¼æˆ¿æ±çš„è²“çš„æ­Œæœ‰å¥½å¤šä¸èƒ½è½äº†ðŸ˜¢,7.11.00,2,2
JYJJYYJ,æ­Œè©žä»‹é¢ï¼ï¼ï¼,"æ›´æ–°å¾Œç™¼ç¾æ­Œè©žçš„ä»‹é¢æ”¹äº†ðŸ˜­ðŸ˜­ðŸ˜­
çœŸçš„å¾ˆä¸å–œæ­¡QQ è¦ºå¾—èˆŠæ¬¾çš„æ¯”è¼ƒå¥½çœ‹
ä¸ç„¶å»ºç«‹å€‹è¨­å®šå¯ä»¥è®“æ­Œè©žç½®ä¸­ï¼
æ‹œè¨—è®“æ­Œè©žç½®ä¸­ðŸ˜­ðŸ˜­ðŸ˜­ä¸ç„¶æ­Œè©žåœ¨æ—é‚Šè®“æˆ‘éƒ½ä¸æƒ³ç™¼igäº†ðŸ˜­",7.11.00,5,5
å¼„è¶…ä¹…,å„ªåŒ–å»ºè­°,æœ‰æ™‚å€™apple watchæ­Œè©žæœƒå¡ä½ å¸Œæœ›å¯ä»¥å„ªåŒ–,7.11.00,5,5
rabbitrabbitî”¬,è®“ä½¿ç”¨è€…è‡ªè¡Œæ±ºå®šè‡ªå‹•åŒæ­¥é¸é …,è«‹æ¢å¾©è®“ä½¿ç”¨è€…å¯ä»¥è‡ªè¡Œæ±ºå®šè‡ªå‹•åŒæ­¥çš„é¸é …ï¼è®“ä¸åŒè£ç½®èƒ½å¤ æœ‰å°ˆå±¬çš„æ’­æ”¾æ­Œå–®ï¼Œä¸è¦å¼·è¿«è‡ªå‹•åŒæ­¥ï¼Œå¸¶ä¾†ä½¿ç”¨ä¸Šçš„å›°æ“¾ï¼,7.11.00,2,2
å—å—å“ˆå“ˆ,ä¸è¦æ­Œå–®åŒæ­¥,å¯ä»¥æŠŠæ­Œå–®åŒæ­¥åŠŸèƒ½é—œæŽ‰å—Žï¼Œé€™æ¨£çœŸçš„å¾ˆå›°æ“¾,7.11.00,1,1
plachuo,æ­Œå–®ä¸èƒ½è‡ªå·±é¸æ“‡è¦ä¸è¦åŒæ­¥,æ­Œå–®ä¸èƒ½è‡ªå·±é¸æ“‡è¦ä¸è¦åŒæ­¥,7.11.00,1,1
bignose995,è‡ªå‹•åŒæ­¥æ­Œå–®,å¾ˆè®“äººæ„Ÿåˆ°å›°æ“¾,7.11.00,2,2
wowohya,æ­Œè©žç½®ä¸­,"å¸Œæœ›æ­Œè©žå¯ä»¥è®Šå›žåŽŸæœ¬ç½®ä¸­çš„æ ¼å¼ðŸ¥º
çœ‹èµ·ä¾†è¼ƒèˆ’é©",7.11.00,4,4
samminatha,æ­Œå–®,æ˜¯æœ‰ä»€éº¼å•é¡Œå•Šï¼Ÿç¡¬è¦æŠŠæ­Œå–®è‡ªå‹•åŒæ­¥ ä¸çŸ¥é“é€™æ¨£å°åˆ¥äººé€ æˆä¸ä¾¿å—Žï¼Ÿæ˜¯ä¸æœƒå…ˆé€šçŸ¥ä¸€è²å—Žï¼Ÿè‡ªå·±è‡ªä»¥ç‚ºæ˜¯æ”¹æŽ‰åˆ°åº•è¦å®³åˆ¥äººæµªè²»å¤šå°‘æ™‚é–“æŠŠåŽŸæœ¬çš„æ­Œå¼„å›žä¾† æ˜¯åœ¨æžç¬‘æ˜¯ä¸æ˜¯ï¼Ÿï¼Ÿï¼Ÿï¼Ÿï¼Ÿï¼Ÿ,7.11.00,1,1
__yue,ä¸èƒ½é—œæŽ‰è‡ªå‹•åŒæ­¥,æ†‘ä»€éº¼å¼·åˆ¶å•Šâ‹¯â‹¯==,7.11.00,2,2
Jiangdian,æ›´æ–°å¾Œç–‘å•,"æœ€è¿‘çš„ç‰ˆæœ¬æ›´æ–°å¾Œï¼Œ åŽŸæœ¬å·²ç¶“ä¸‹è¼‰çš„æ­Œæ›²æˆ–æ˜¯æ”¶è—çš„æ­Œæ›²å¤šæ•¸è·³å‡ºã€Œé›¢ç·šä½¿ç”¨ä¸­ã€è¦æˆ‘ç«‹å³ä¸Šç·šã€‚ä½†æ˜¯æˆ‘å·²ç¶“æ˜¯ä¸Šç·šä¸­çš„ç‹€æ…‹ã€‚
æ˜¯å¦ç‚ºæ›´æ–°ç‰ˆæœ¬å¾Œçš„ç‘•ç–µå‘¢ï¼Ÿ
é›–ç„¶æ­Œæ›²é‡æ–°ä¸‹è¼‰å¾Œå°±å¯ä»¥æ­£å¸¸æ”¶è½ï¼Œä½†æ˜¯æŒºå›°æ“¾çš„ã€‚
Ps.æˆ‘æ˜¯iOSç³»çµ±",7.11.00,4,4
Xunchia,åœ¨ç·šä¸Šäº†é‚„è¦é‡æ–°ä¸Šç·šæœ‰äº‹å—Žï¼Ÿ,ä¸ç®¡æ˜¯ä¸Šç·šæˆ–æ˜¯é›¢ç·šä½¿ç”¨ï¼Œè½æ²’å¹¾é¦–æ­Œå°±è¦åœä¸‹ä¾†å›žå¾©KKç³»çµ±çš„é€šçŸ¥ï¼Œæ›´çˆ›çš„æ˜¯å°±ç®—å›žå¾©äº†é‚„æ˜¯æœƒé‡è¤‡è·³å‡ºåŒä¸€å€‹é€šçŸ¥ï¼Œæ ¹æœ¬ä¸èƒ½è½éŸ³æ¨‚ï¼è«‹ç›¡å¿«ä¿®æ­£ï¼,7.11.00,1,1
momo ._.,è‡ªè¡ŒåŒæ­¥æ­Œå–®,å¸Œæœ›å–æ¶ˆåŒæ­¥æ­Œå–®çš„åŠŸèƒ½ï¼Œè‡³å°‘è®“ä½¿ç”¨è€…æœ‰è¾¦æ³•è‡ªè¡Œè¨­å®šè¦ä¸è¦åŒæ­¥,7.11.00,3,3
æˆ‘æ˜¯å€‹å¾ˆé…·å–”,æ›´æ–°æœ€æ–°ç‰ˆæœ¬ä¹‹å¾Œæœƒä¸€ç›´æ–·ç·š,å¦‚é¡Œ,7.11.00,2,2
Angela825001,ä¸è¦åŒæ­¥æ­Œå–®,å¯ä»¥ä¸è¦å¼·è¿«è‡ªå‹•åŒæ­¥æ­Œå–®,7.11.00,1,1
Louis 621,æ­Œå–®åŒæ­¥,"ç‚ºä»€éº¼è¦æŠŠæ­Œå–®åŒæ­¥çš„åŠŸèƒ½ç§»é™¤
é€™æ¨£æ¯å€‹è£ç½®çš„ä½¿ç”¨ç¿’æ…£ï¼Œéƒ½æœƒæ··åœ¨ä¸€èµ·
å¾ˆéº»ç…©
å¸Œæœ›å¯ä»¥æ”¹å›žä¾†",7.11.00,2,2
ã„ã„ Ë‡ã„‹ã„¢ËŠã„‘ã„©Ë‡ã„‰ã„œË™ã„‹ã„§Ë‹ã„”ã„¥,æ›´æ–°å¾Œ,ä¹‹å‰ä¸æœƒ ç¾åœ¨è½æ²’å¹¾é¦–æ­Œ è‡ªå·±å°±åœæ­¢ ç„¶å¾Œèªªè¦é‡æ–°ä¸Šç·š ä½†æˆ‘è½çš„æ˜¯é›¢ç·šå¾Œå¯è½çš„æ­Œï¼Ÿ,7.11.00,2,2
å¯æ‚²çš„æˆ‘,ä¸æ˜¯å·²ç¶“ä¸‹è¼‰äº†å—Ž,"ç”¨é›¢ç·šæ­Œæ›²è½éŸ³æ¨‚
ç¾åœ¨æœ‰æ™‚è½å€‹2.3é¦–å°±æœƒç›´æŽ¥æš«åœéŸ³æ¨‚
æŒ‰ç¹¼çºŒæ’­æ”¾éŽå¹¾ç§’åˆåœ
æ›´æ–°ä¹‹å¾Œé–ƒé€€å¾ˆåš´é‡
éŸ³æ¨‚æ’­åˆ°ä¸€åŠåœæ­¢
appé—œé–‰
å·²ç¶“å¾ˆå¤šæ¬¡äº†",7.11.00,2,2
kkéª¨ç°ç²‰,ç•¶æ©Ÿ,æ›´æ–°ä¹‹å¾Œ  æ‰“é–‹appä¸€ç›´è‡ªå‹•åŒæ­¥æ­Œå–®  è·‘å¾ˆä¹…  ç›´æŽ¥ç•¶æ©Ÿ,7.11.00,5,5
zxc87app,ä¸€èµ·è½ç„¡æ³•ä½¿ç”¨,"é€™æ¬¡æ›´æ–°ä¹‹å¾Œä¸€èµ·è½ç„¡æ³•æ’­æ”¾
éƒ½æœƒèªªæœ‰äººä½¿ç”¨KKBOXåŠå°‡åœæ­¢ä¸‹è¼‰
å•é¡Œæ˜¯ åªæœ‰æˆ‘ä¸€å€‹äººåœ¨ä½¿ç”¨==",7.11.00,4,4
å…¶å¯¦æˆ‘å¾ˆæ„›KKBOX,æ‹œè¨—é—œæŽ‰è‡ªå‹•åŒæ­¥åŠŸèƒ½,å¤šäººå…±ç”¨å¸³è™ŸçœŸçš„æœƒå¾ˆä¸æ–¹ä¾¿,7.11.00,2,2
Tracy900710,åŒæ­¥å•é¡Œ,"å¸Œæœ›ä¸è¦è‡ªå‹•åŒæ­¥
è·Ÿä¹‹å‰ä¸€æ¨£æœ‰é¸é …æ¯”è¼ƒå¥½
ä¸æƒ³è¦åŒæ­¥çš„è©±é€™æ¨£å¾ˆä¸æ–¹ä¾¿",7.11.00,1,1
Becky be,çœŸçš„æ„Ÿè¦ºå¾ˆç…©,èƒ½ä¸èƒ½ä¸è¦å¼·è¿«æ­Œå–®åŒæ­¥,7.11.00,3,3
å¥½çŽ©çš„éŠæˆ²æˆ‘è¦é»ƒé‡‘ï¼,ææ—©2å¤©ç”³è«‹é€€ç§Ÿè¢«é€šçŸ¥ç„¡æ³•å¦‚æœŸé€€ç§Ÿ,ç´„11æœˆé–‹å§‹æ”¶åˆ°12/4åˆ°æœŸé€šçŸ¥ï¼Œå·²å‘ŠçŸ¥äº‹å…ˆè¦å–æ¶ˆå¾—åˆ°å›žè¦†æ˜¯è¦åœ¨ç•¶å¤©æ‰èƒ½åšå–æ¶ˆï¼›ç­‰åˆ°ç´„12/2æˆ‘å†æ’¥æ‰“é›»è©±å–æ¶ˆåˆç´„ï¼Œç«Ÿé€šçŸ¥å·²ç„¡æ³•æ–¼åˆç´„æœŸæ»¿å‰å–æ¶ˆï¼Œæœƒé…Œé‡æ”¶å–è²»ç”¨ï¼›çµæžœä»Šå¤©å¸³å–®ä¾†ä¸€çœ‹ï¼Œå±…ç„¶æ”¶å–å®Œæ•´ä¸€å€‹æœˆçš„è²»ç”¨ï¼ˆæœå‹™æ–¼12/5å³å–æ¶ˆï¼‰,7.11.00,1,1
å­‘å­“å­‘å­“ç”Ÿç”Ÿä¸æ¯,åçœ,é€™é‚„ç”¨èªªï¼Œçˆ›å­—è©²æª¢è¨Žï¼Œè«‹åŠ æ²¹ï¼,7.11.00,1,1
ä½ æ­£åœ¨å…¶ä»–è£ç½®ä½¿ç”¨KKBOX,ä¸€ç›´å‡ºç¾ ä½ æ­£åœ¨å…¶ä»–è£ç½®ä½¿ç”¨KKBOX,"ç„¶å¾Œå°±åœæ­¢æ’­æ”¾ï¼

æŸ¥éŽç™»å…¥ç´€éŒ„åªæœ‰æˆ‘ä¸€å°æ‰‹æ©Ÿï¼Œä¹Ÿæ”¹éŽå¯†ç¢¼ã€‚

éƒ½æ²’ç”¨ï¼ è«‹å¿«ä¿®æ­£ï¼",7.11.00,1,1
Pc77121,è½åˆ°ä¸€åŠå°±åœäº†,æœ€è¿‘ç”¨æ‰‹æ©Ÿæ’­Kkboxéƒ½æœƒè½åˆ°ä¸€åŠæ–·ç·šï¼Œèªªæœ‰å¦ä¸€å€‹åœ°æ–¹ä¹Ÿåœ¨ä½¿ç”¨ï¼Œä½†æˆ‘æ²’æœ‰ç”¨å…¶ä»–è£ç½®è½ä¹Ÿæ²’æœ‰çµ¦ä»»ä½•è½éŽ,7.11.00,5,5
Moli510,æ­Œå–®è‡ªå‹•åŒæ­¥,"ä¸€å€‹å¸³è™Ÿå¥½å¹¾å€‹äººç”¨ 
è‡ªå‹•åŒæ­¥å¾Œçš„å…¨éƒ¨æ­Œæ›²æœ‰4åƒå¤šé¦–ï¼
å¸Œæœ›èƒ½æŠŠæ­Œå–®è‡ªå‹•åŒæ­¥é—œé–‰
æˆ–è€…æ˜¯è®“ä½¿ç”¨è€…è‡ªå·±é¸æ“‡æ˜¯å¦è¦é–‹å•Ÿï¼",7.11.00,2,2
tsainn,éŸ³æ¨‚æœƒè‡ªå·±æ–·æŽ‰,æ˜Žæ˜Žä¸€ç›´æ’­æ”¾ä½†éŸ³æ¨‚å»æœƒè‡ªå·±æ–·æŽ‰ç„¶å¾Œèªªå¤ªä¹…æ²’ä¸Šç·šï¼Œ æ›´æ–°å®Œå·²ç¶“é€™æ¨£å››ã€äº”æ¬¡äº†ï¼Œå¸Œæœ›å¯ä»¥æ”¹å–„ï¼Œè¬è¬ã€‚,7.11.00,5,5
matcha39,åŠŸèƒ½å»ºè­°,"1.æˆ‘æƒ³è¦å¯ä»¥é¦¬ä¸Šçœ‹åˆ°æŸé¦–æ­Œçš„æ’­æ”¾æ¬¡æ•¸ï¼Œä¸è¦æ¯æ¬¡éƒ½ç­‰å¹´åº¦ç¸½çµæ‰çŸ¥é“ï¼Œè€Œä¸”ç¸½çµä¹Ÿåªè¨ˆç®—åˆ°12æœˆåˆï¼Œä¸æ˜¯æ‡‰è©²åœ¨1æœˆåˆä¸Šç·šï¼Œè¨ˆç®—åˆ°12æœˆåº•æ‰æ­£å¸¸å—Žã€‚

2.æœ‰æ™‚å€™è½åˆ°æŸé¦–æ­Œä»¥å¾Œæƒ³åˆªæŽ‰é€™é¦–æ­Œï¼Œå°±è¦åˆ°æ­Œå–®è£¡æ…¢æ…¢æ‰¾åˆ°é€™é¦–æ­Œæ‰èƒ½åˆªæŽ‰ï¼Œå¸Œæœ›æœ‰ä¸€å€‹å¯ä»¥å®šä½åˆ°ã€Œç¾æ­£æ’­æ”¾ä¸­ã€æ­Œæ›²çš„åŠŸèƒ½ï¼Œå¦‚æžœæ­Œå–®åªæœ‰å¹¾ç™¾é¦–æ­Œé‚„å¥½ï¼Œæˆ‘æ­Œå–®æœ‰å…©åƒå¤šé¦–æ­Œï¼Œæ¯æ¬¡æƒ³åˆªæ­Œæ‰¾å¥½ä¹…ï¼Œé‚„è¦è‡ªå·±è¨˜æ­Œæ‰‹å¤§æ¦‚åœ¨å“ªå€‹ä½ç½®.....",7.11.00,2,2
é™¶ç“·é›»æš–å™¨,åªæœ‰åœ‹å°æ—¥éŸ“æœ‰åœ¨æ›´æ–°,æˆ‘æ˜¯spaæ¥­è€…ï¼Œä¸€é–‹å§‹è¦ºå¾—ä½ å€‘å¾ˆè²¼å¿ƒæœ‰åˆ†é¡žéŸ³æ¨‚ï¼Œä½†æ•´æ•´ä¸‰å¹´è¼•éŸ³æ¨‚å®Œå…¨æ²’æ›éŽ   å¤ªå·®äº†,7.11.00,2,2
Berylean,å¸³è™Ÿç˜‹ç‹‚è¢«è¸¢å‡º,"ä¸çŸ¥é“æ˜¯ä¸æ˜¯æœ‰bug
å®‰å…¨æ€§èª¿æ•´
å·²ç¶“
1.å®Œå…¨æ²’æœ‰é€£çµ
2.å¯†ç¢¼æ›´æ›

ä»èˆŠä¸€ç›´æ–·ç·šï¼Œèªªå¸³è™Ÿæœ‰å…¶ä»–äººä½¿ç”¨ï¼Œå•é¡Œæ˜¯æˆ‘å‰›è¾¦ä¸€å€‹æœˆï¼Œå¸³è™Ÿåªæœ‰æˆ‘åœ¨ç”¨â‹¯æ€Žéº¼æœƒå‡ºç¾é€™æ¨£çš„æƒ…å½¢ï¼Ÿ",7.11.00,1,1
chensssssmin,æ¡Œé¢é…ä»¶,æ¡Œé¢é…ä»¶çš„æ­Œå¯ä»¥æ”¾è‡ªå·±è½çš„æ­Œå—Ž å› ç‚ºçœŸçš„æ²’æœ‰å¾ˆåœ¨ä¹Žç†±é–€æ–°æ­Œæ˜¯å•¥ è¬è¬æƒ¹æ‹œè¨— ä¸ç„¶æˆ‘è¦æ”¹ç”¨apple musicæƒ¹ðŸ¥ºðŸ¥ºðŸ¥º,7.11.00,3,3
å½«å®,æœ€è¿‘ç„¡æ³•é€£ç·šçš„æƒ…æ³å¾ˆåš´é‡,åš´é‡åˆ°æˆ‘éƒ½åˆªæŽ‰é‡ä¸‹è¼‰é‚„æ˜¯ä¸€æ¨£ï¼Œè·Ÿç¶²è·¯ç„¡é—œï¼Œæˆ‘æ›äº†å¥½å¹¾å€‹åœ°æ–¹çš„5Gè©¦äº†,7.11.00,1,1
vå¸Œå˜»å˜»v,å¸Œæœ›å¯ä»¥å¤šå®¶äººå…±äº«çš„æ–¹æ¡ˆ,"å¸Œæœ›å¯ä»¥å¤šå®¶äººå…±äº«çš„æ–¹æ¡ˆ
é‚„æœ‰Shazamè¾¨è­˜å®Œå¯ä»¥ç›´æŽ¥åœ¨KKBOXä½¿ç”¨

å¸Œæœ›æ­Œè©žåˆ†äº«å¯ä»¥ä¸è¦æœ‰ç™½åº•
æœ€åŽŸå§‹çš„æ­Œè©žåˆ†äº«æ¯”è¼ƒå¥½çœ‹",7.11.00,5,5
çŸ¥è­˜çŽ‹è…¦æ®˜çš„Appå·¥ç¨‹å¸«å°±æ˜¯èªªä½ ,ç”¨å¿ƒèŠ±æ™‚é–“æŠ•ç¨¿æ­Œè©žäº†ï¼ŒéŽå¥½å¹¾å¤©ä¾ç„¶æ²’æ­Œè©žå¯ä½¿ç”¨ï¼ˆè¢«å–ç”¨ï¼‰æµªè²»æˆ‘å¯¶è²´çš„æ™‚é–“æƒ³çµ¦å¤§å®¶æ­Œè©žçœ‹,æ—¢ç„¶ä¸æŽ¡ç”¨æˆ‘çš„æ­Œè©žä½•å¿…æµªè²»æˆ‘çš„æ™‚é–“çµ¦æ‰€æœ‰æœƒå“¡æ¬Šé™æŠ•ç¨¿æ­Œè©žï¼Ÿ,7.11.00,1,1
weddrhb,å»¶ä¼¸æ’­æ”¾å•é¡Œ,å»¶ä¼¸æ’­æ”¾æ™‚å¸¸æ²’æœ‰ä½œç”¨â‹¯â‹¯,7.11.00,2,2
ä¹¾ç‚ºä»€éº¼ä¸€å®šè¦å–æš±ç¨±,æ’­æ”¾è‡ªå·±çš„æ­Œå–®ä¸å¤ ç›´è¦º,"1.ç‚ºä»€éº¼åœ¨ios çš„å°å·¥å…·åªé¡¯ç¤ºæŽ¨è–¦æ­Œæ›²ï¼Œspotify å¯ä»¥æ’­æ”¾è‡ªå·±æ”¶è—çš„æ­Œå–®ï¼Œå¤§éƒ¨åˆ†æ™‚å€™åªæƒ³è½è‡ªå·±çš„æ­Œå–®å¾ˆä¸æ–¹ä¾¿
2.å°±ç®—é»žé€²appä¹Ÿä¸èƒ½ä¸€éµæ’­æ”¾è‡ªå·±çš„æ­Œå–®ï¼Œå¸Œæœ›ä»‹é¢å¯ä»¥ç›´è¦ºä¸€é»žï¼Œä¸ç„¶æ­Œå†å¥½ä¹Ÿæœƒè¢«å…¶ä»–appå–ä»£",7.11.00,2,2
è©•äº”æ˜Ÿæ‰èƒ½è©¦ç”¨,ç”¨äº†æœ‰åå¹´å§,é–‹å§‹å¯«å¿ƒå¾—æ‰è­¦è¦ºï¼Œä½¿ç”¨çš„ç¶“é©—ç®—é€™éº¼è³‡æ·±äº†ï¼Œç•¶å¹´å¾žkkmanè½‰ä»‹é–‹å§‹ç”¨kkboxï¼Œä¸€è·¯çœ‹è‘—å®ƒçš„è®ŠåŒ–èˆ‡æˆé•·â‹¯â‹¯èƒ½é»è‘—åˆ°ä»Šæ—¥ï¼Œä¹Ÿæ˜¯è¦ºå¾—å¥½ç”¨ï¼Œèˆ‡æ™‚ä¿±é€²ï¼Œæœ‰ä¼åœ–å¿ƒã€‚å…¶æ­Œæ›²åº«è±å¯Œï¼Œåˆ†é¡žæ¸…æ¥šå¥½ä½¿ç”¨ï¼Œè·Ÿå¾—ä¸Šæµè¡Œè…³æ­¥ï¼Œé€™å…©å¹´é–‹ç™¼å‡ºçš„é¡žä¼¼æ­Œæ›²æŽ¨è–¦é‹ç®—èƒ½åŠ›æ›´æ·±å¾—æˆ‘å¿ƒï¼Œä¸çœ‹é›»è¦–çš„æˆ‘ï¼Œkkboxæ˜¯æˆ‘æŽ¥è§¸æµè¡ŒéŸ³æ¨‚çš„é–€æˆ¶ã€‚å¸Œæœ›å®ƒä¸åœæ­¢æˆé•·ï¼Œè®“å¤§å®¶èƒ½ä¸€ç›´ä½¿ç”¨ä¸‹åŽ»ã€‚,7.11.00,5,5
Wei_HO,é—œé–‰è‡ªå‹•åŒæ­¥æ­Œå–®åŠŸèƒ½,"è‡ªå‹•åŒæ­¥æ­Œå–®åŠŸèƒ½ å°å¸³è™Ÿå…±äº«çš„ç”¨æˆ¶ä¾†èªªçœŸçš„å¾ˆä¸æ–¹ä¾¿ è€Œä¸”é€™å€‹åŠŸèƒ½é‚„ä¸èƒ½é—œé–‰ï¼Ÿï¼Ÿï¼Ÿï¼Ÿï¼Ÿï¼Ÿ
ä¸æ‡‚ç‚ºä»€éº¼è¦å¼·åˆ¶é€™æ¨£ ä¸€æ—©èµ·ä¾†æˆ‘çš„æ­Œå–®å…¨éƒ¨è®Šæˆåˆ¥çš„äººæ­Œå–®äº† æƒ³åˆªåˆæ€•å°æ–¹é‚£é‚Šä¹Ÿæœƒè¢«åˆªæŽ‰ å¸Œæœ›å¯ä»¥ä½¿ç”¨æ‰‹å‹•åŒæ­¥ æˆ–é—œé–‰è‡ªå‹•åŒæ­¥çš„åŠŸèƒ½",7.11.00,1,1
12332ggasf,è»Šä¸Šå……é›»ä¸­ä½¿ç”¨KKBOXå¦‚ä½•ä½¿æ‰‹æ©Ÿä¸æœƒè‡ªå‹•é—œä¸Šèž¢å¹•,"ä»¥å‰ä½¿ç”¨iphoneåœ¨è»Šä¸Šä»¥è—èŠ½æ’­æ”¾kkbox,ä¸€æ®µæ™‚é–“æ²’å‹•èž¢å¹•ï¼Œèž¢å¹•åªæœƒè®Šæš—åªè¦ç¢°è§¸åˆ°èž¢å¹•å°±æœƒå†åº¦äº®èµ·ï¼Œè‡ªå¾žæŸæ¬¡æ›´æ–°å¾Œï¼ˆé™¤äº†æ­Œè©žé é¢ï¼‰éƒ½æœƒåœ¨ä¸€æ®µæ™‚é–“å¾Œè‡ªå‹•é—œé–‰èž¢å¹•ï¼Œè«‹å•èƒ½æ”¹å›žä¹‹å‰ç‹€æ…‹å—Žï¼Ÿ",7.11.00,5,5
Z_Xiang,ç„¡æ³•è‡ªå‹•å»¶ä¼¸æ’­æ”¾,æ›´æ–°å®Œä¹‹å¾Œï¼Œæ’­å®Œå–®æ›²å¾Œç„¡æ³•è‡ªå‹•å»¶ä¼¸æ’­æ”¾é¡žä¼¼æ›²é¢¨çš„æ­Œ,7.11.00,5,5
å¼µé˜¿è€€,æ›´æ–°å®Œç‚ºä»€éº¼é›¢ç·šéŸ³æ¨‚å…¨ä¸è¦‹,å¦‚é¡Œ,7.11.00,1,1
æƒ³ä½¿ç”¨è²¼åœ–,Widget,å¸Œæœ›å¯ä»¥æœ‰æ’­æ”¾æ¸…å–®çš„widget,7.11.00,5,5
æ¸¼1983,å¯†ç¢¼æ¬„ä½ä¸èƒ½æŒ‰,"æ–°ä¸‹è¼‰è¦è¨»å†Šï¼Œå¯†ç¢¼æ¬„ä½ä¸èƒ½æŒ‰
éº»ç…©è«‹æ”¹å–„ï¼",7.11.00,1,1
Jackè‡³å…ƒ,å‹•æ…‹æ­Œè©žç½®ä¸­ç¸½ç®—å›žä¾†äº†ï¼,è¬è¬KKBOXå°éšŠè®“å‹•æ…‹æ­Œè©žç¸½ç®—å¾žä¸€é–‹å§‹å¤§æ”¹ç‰ˆçš„ç½®å·¦æ”¹å›žæˆç½®ä¸­ï¼Œå·²ç¶“çœ‹äº†10å¹¾å¹´ç¦ä¸èµ·å¤§è®Šå‘€ðŸ™ˆ,7.11.00,5,5
å‡ªæ©¦,çµ¦å¡«å¯«ç‰ˆæœ¬æ›´æ–°ç´€éŒ„çš„äººå“¡,æˆ‘çœ‹åˆ°ä½ çš„å“€æ€¨äº†ðŸ˜‚è¾›è‹¦äº†ðŸ˜‚,7.11.00,5,5
12234633,æ­Œè©ž,è€¶ï¼æ­Œè©žçµ‚æ–¼æ¢å¾©åˆ°åŽŸæœ¬çš„æ¨£å¼äº†ï¼,7.11.00,5,5
149ä½¿ç”¨è€…,é é¢å¡ä½,"åœ¨æ­Œæ›²æ’­æ”¾ä¸­çš„é é¢ï¼Œ
æœ€ä¸Šé¢çš„åŠŸèƒ½éµæœƒå¡ä½ï¼Œç„¡æ³•é»žé¸å›žé¦–é æˆ–ä½¿ç”¨æœå°‹åŠŸèƒ½ï¼Œ
æ›´æ–°äº†å•é¡Œä»ç„¶å­˜åœ¨",7.11.00,1,1
å³è…Ž,æœå‹™æ…‹åº¦,æ„Ÿè¬å°ç·¨çš„å›žè¦†.å•é¡Œå·²è§£æ±º,7.10.90,5,5
å–æš±ç¨±é‚„ä¸€ç›´è¢«åˆ¥äººç”¨éŽ åˆ°åº•ï¼Ÿ,åŒæ­¥æ­Œå–®,"æ›´æ–°å¾Œæ­Œå–®å¼·åˆ¶åŒæ­¥ é‚„ç„¡æ³•é—œé–‰è‡ªå‹•åŒæ­¥
å¤§æ¦‚çŒœæƒ³å¾—åˆ°æ˜¯è¦æœçµ•ä¸€å€‹å¸³è™Ÿå¤šäººä½¿ç”¨ ä½†æœ‰æ²’æœ‰æƒ³éŽæœ‰äº›æœƒå“¡æ˜¯åŒä¸€å€‹å®¶åº­ ä¸€èµ·ç”¨æ‡‰è©²ä¸ç‚ºéŽå§
å¼·åˆ¶åŒæ­¥å¾Œæ­Œå–®ä¸è¦‹ æ­Œæ›²å…¨éƒ¨æ··åœ¨ä¸€èµ·æ˜¯çœŸçš„é€ æˆå¾ˆå¤§å›°æ“¾
éƒ½å·²ç¶“å¾ˆæ”¯æŒäº† ç”¨äº†å¾ˆé•·ä¸€é™£å­çš„ç™½é‡‘æœƒå“¡ å¯¦åœ¨è¦ºå¾—å¤±æœ›è·Ÿç„¡å¥ˆ",7.10.90,2,2
åŠ›ä¸ƒ,æ’­æ”¾æ­Œæ›²æ™‚ç„¡æ³•æŒ‰ç…§é †åºæ’­æ”¾ï¼Œæœƒäº‚è·³ï¼,æ’­æ”¾æ­Œæ›²æ™‚ç„¡æ³•æŒ‰ç…§é †åºæ’­æ”¾ï¼Œæœƒäº‚è·³ï¼,7.10.90,3,3
lionno1,æ­Œå–®è‡ªå‹•åŒæ­¥ å–æ¶ˆ,ä¸å¥½æ„æ€ å¯ä»¥éº»ç…©æŠŠæ­Œå–®è‡ªå‹•åŒæ­¥çš„é¸é …é–‹å•Ÿå—Žï¼Ÿ,7.10.90,1,1
Jerry5959,æ€Žéº¼è¶Šæ”¹è¶Šä¸ä¾¿åˆ©,è¶Šæ”¹è¶Šæ€ªè€¶ï¼è¶Šæ”¹è¶Šä¸æ–¹ä¾¿ï¼è‡ªå‹•åŒæ­¥æ­Œå–®ï¼Ÿæ­Œè©žåƒå­—ï¼ŸéŸ³è³ªåˆ°åº•è¦å¹¾å€‹é¸é …ï¼Ÿæ–°æ­Œå–®æœ€ä¸Šæ–¹ä½†æ–°æ­Œæ›²åœ¨æœ€ä¸‹æ–¹ï¼Ÿwhatâ€™s wrong with you?,7.10.90,1,1
è±¬è±¬é ­é ­,ç™»å…¥ç™»ä¸é€²åŽ»,ç”¨fbç™»ä¸é€²åŽ»,7.10.90,2,2
qweesdfgbjknnb,ä½¿ç”¨å…¶ä»–ç¨‹å¼æ™‚ä¸èƒ½é¡¯ç¤ºæ­Œè©ž,ä½¿ç”¨å…¶ä»–ç¨‹å¼æ™‚ä¸èƒ½é¡¯ç¤ºæ­Œè©ž,7.10.90,1,1
æœéœ§é›ª,å¸Œæœ›å¤šä¸€é»žæ­Œæ›²å¯ä»¥é‡æ–°ä¸Šæž¶,"å¥½å¤šæ­Œçš„æ­Œè©žéƒ½çœ‹ä¸åˆ°
é‚„æœ‰å¸Œæœ›å¾ˆå¤šæœ¬ä¾†å¯è½çš„æ­Œç¾åœ¨æœªæŽˆæ¬Šçš„å¯ä»¥é‡æ–°ä¸Šæž¶",7.10.90,4,4
yabadala,æ€Žéº¼éƒ½æ²’æœ‰,"æœ‰äº›æ­Œéƒ½æ²’æœ‰
æˆ‘å€‘é€™äº›ä»˜éŒ¢éƒ½æ˜¯å¤§é ­å°±å°äº†",7.10.90,1,1
afra0530,ç‚ºä»€éº¼æ›´æ–°å®Œè‡ªå‹•åŒæ­¥æ­Œå–®,ä¸è¦å¼·åˆ¶åŒæ­¥æ­Œå–® çˆ›åŠŸèƒ½ è«‹æ”¹å›žä¾†,7.10.90,1,1
dahedawoh,æ­Œæ›²ä¸æœƒå¢žåŠ åˆ°å…¨éƒ¨æ­Œæ›²,"æœ€è¿‘ä¸çŸ¥é“éŽå¹¾æ¬¡çš„æ›´æ–°ä¹‹å¾Œ
è½éŽçš„æ­Œä¸‹è¼‰å¾Œéƒ½ä¸æœƒå¢žåŠ åˆ°ã€Œå…¨éƒ¨æ­Œæ›²ã€è£¡é¢æ¬¸
çœŸçš„å¾ˆå›°æ“¾ðŸ˜­",7.10.90,4,4
æ˜Žæ˜Žå°±å¾ˆç—›,HifiéŸ³è³ªä¸éŒ¯,å¸Œæœ›å¯ä»¥æœ‰æ›´å¤šhifiæ­Œæ›²,7.10.90,5,5
iamericaaaaa,æ­Œè©žç„¡æ³•å®Œæ•´é¡¯ç¤º,"æ­Œè©žä¸èƒ½æ”¹å›žç½®ä¸­å—Ž:(
ç¾åœ¨é å·¦é›–ç„¶èƒ½å¤ èª¿æ•´å­—é«”å¤§å°
ä½†æ˜¯æœ‰äº›æ¯”è¼ƒé•·çš„æ­Œè©žå¾Œé¢çš„å­—æœƒè¢«åƒæŽ‰
é‚„æ˜¯æ¯”è¼ƒå–œæ­¡ä¹‹å‰çš„æ­Œè©žé¡¯ç¤ºæ¨¡å¼à²¥_à²¥",7.10.90,4,4
æ¨¹æ‡¶1,æ­Œå–®åŒæ­¥,ä»¥å‰æ­Œå–®åŒæ­¥å¯ä»¥é–‹å•Ÿé—œé–‰ï¼Œç¾åœ¨è®Šæˆå¸³è™Ÿå…§å»ºé–‹å•Ÿï¼Ÿè¦ºå¾—ä¸æ–¹ä¾¿,7.10.90,1,1
å¼µå¿ƒç„±,ä¸çµ¦é€€è¨‚,æ²’è¾¦æ³•é€€è¨‚æ¬¸å¹¹ æƒ³è®Šæˆæœˆç§Ÿ149ä¸çµ¦æ›çš„ åˆä¸æ˜¯ä¸ç§Ÿ ä»–åª½æ˜¯å¤šæƒ³è¦éŒ¢å•Š æ–‚è²¡å˜´è‡‰,7.10.90,1,1
yingchi77,æœå°‹åŠŸèƒ½å¾ˆå·®,æœå°‹åŠŸèƒ½æœƒè‡ªå·±è·‘åˆ°æœ€ä¸Šé¢ å®Œå…¨æŒ‰ä¸åˆ°,7.10.90,1,1
Enoch>_<,666,åœ¨æ’­æˆ‘çš„æ­Œå–®çªç„¶æ’­å…¶ä»–æ­Œ é‚„å¹«æˆ‘ä¸‹è¼‰ï¼Ÿ,7.10.90,1,1
På…ˆ,å¹´åº¦æ­Œå–®æ‡‰è©²æ˜¯è¢«ç›œå¸³è™Ÿäº†,2020å¹´åº¦æ­Œå–®è£¡é¢å®Œå…¨æ˜¯æˆ‘æ²’è½éŽçš„æ­Œï¼Œæˆ‘çš„å¸³è™Ÿæ‡‰è©²æ˜¯è¢«ç›œäº†...,7.10.90,1,1
fcmoqr3jgpj,å¸Œæœ›èƒ½å›žå¾©æ­Œè©žç½®ä¸­å°é½Šçš„åŠŸèƒ½,æ­Œè©žç½®ä¸­ï¼Œåœ¨æ­Œè©žå‹•æ…‹é¡¯ç¤ºä¸Šæ˜¯è¼ƒç‚ºç¾Žè§€è€Œé–±è¦½èˆ’é©çš„æ–¹å¼ï¼å¸Œæœ›èƒ½æä¾›é¸é …ï¼Œè®“ç¿’æ…£å¤šå¹´çš„ä½¿ç”¨è€…ï¼Œå¯ä»¥è‡ªç”±é¸æ“‡ã€Žæ­Œè©žç½®ä¸­ã€æˆ–ã€Žé½Šé ­å¼å°é½Šã€ï¼Œè¬è¬ï¼,7.10.90,4,4
chiashien,æ“ä½œä»‹é¢åŠŸèƒ½å¤ªå°‘,"å¸Œæœ›å¤šå¢žåŠ ä¸€äº›åŠŸèƒ½
ä¾‹å¦‚ï¼šç·¨è¼¯æ”¶è—æ­Œæ›²çš„é †åºã€å°‡æ‰‹æ©Ÿå…§çš„æ­Œæ›²åŠ å…¥æ”¶è—...ç­‰",7.10.90,2,2
é¤…è»’,å•Ÿå‹•é€Ÿåº¦å¾ˆæ…¢,é–‹å•Ÿappå¾Œè¦é€²å…¥é¸æ­Œå‰çš„logoé‚£é‚Šè¦ç­‰è¶…ä¹…....æœ‰æ™‚å€™é‚„æœƒé–ƒé€€ï¼,7.10.90,4,4
snoopy11540,è€³æ©Ÿç„¡æ³•æš«åœ,ä¹‹å‰ç”¨xs maxæ’è€³æ©Ÿè½éŸ³æ¨‚å¯ä»¥ç”¨è€³æ©Ÿæ’­æ”¾æš«åœï¼Œä½†è‡³å¾žæ›äº†12proæ’è€³æ©Ÿè½éŸ³æ¨‚å»ç„¡æ³•ï¼Œé‚„è¦ç”¨æ‰‹æ©ŸåŽ»æŒ‰æš«åœï¼Œé€™æ¨£ä½¿ç”¨æœ‰é»žä¸æ–¹ä¾¿ï¼,7.10.90,5,5
Gavin712,Carplayç„¡æ³•é€£å‹•,æ›´æ–°ios14.2å¾Œï¼Œä½¿ç”¨carplayæš«åœèˆ‡æ’­æ”¾ç„¡æ³•ä½¿ç”¨å–”ï½ž,7.10.90,5,5
å¤ªå‚·å¿ƒ3.0,æ‹œè¨—æŠŠæ­Œè©žé¡¯ç¤ºæ–¹å¼æ”¹å›žä¾†,æ–°ç‰ˆæ­Œè©žæ²’ç½®ä¸­ã€é¡è‰²åˆä¸æ¸…æ¥šçœ‹å¾—å¾ˆåƒåŠ›ï¼Œæ‹œè¨—çµ¦ä½¿ç”¨è€…æ”¹å›žä»¥å‰ç‰ˆæœ¬çš„é¸é …ã€‚,7.10.90,4,4
52801653800153713ã€363,åŽŸä¾†é‚„æœ‰@ä»Šæ—¥ä¸èƒ½å–æ¶ˆè¨‚é–±ã€ï¼Œæˆ‘æ˜¯ä¸æ˜¯è©²æ‰¾æ¶ˆä¿å®˜ï¼Ÿ,ä»Šæ—¥ä¸èƒ½å–æ¶ˆè¨‚é–±ã€ï¼Œæˆ‘æ˜¯ä¸æ˜¯è©²æ‰¾æ¶ˆä¿å®˜ï¼Ÿ,7.10.90,1,1
NICK__LIN,æ­Œè©žçš„é¡¯ç¤ºæ–¹å¼æ‹œè¨—æ”¹å›žä¾†,æ˜Žæ˜Žåˆ°ä¸Šä¸€ç‰ˆç‚ºæ­¢çš„æ­Œè©žé¡¯ç¤ºæ–¹å¼æ˜¯æœ€æ£’çš„ï¼Œçµæžœä½ æŠŠæœ€å¤§çš„å„ªé»žæ”¹æŽ‰äº†...,7.10.90,4,4
ç«ç²‰001,å¦‚ä¸‹,æˆ‘ä¹‹å‰ç”¨éƒ½æ²’å•é¡Œ ä½†æœ€è¿‘æˆ‘åªè¦æŒ‰é‡æ’­å°±æœƒç•¶æŽ‰ä¸€ç›´é‡æ’­é‚£ä¸€æ®µ æ ¹æœ¬æ²’è¾¦æ³•è½æ­ŒðŸ˜ž,7.10.90,3,3
ç ”è¨­å°„å“¡,æ›´æ–°å¾Œç™¼ç”Ÿçš„,æœƒçªç„¶è·³æé†’ç„¶å¾Œé–‹å§‹æ’­æ”¾éŸ³æ¨‚,7.10.90,4,4
ì§„ë¯¼ì—¬,æ­Œå–®åŒæ­¥,ç‚ºä»€éº¼æ­Œå–®æœƒè‡ªå·±åŒæ­¥é‚„æ‰¾ä¸åˆ°é—œæŽ‰çš„åœ°æ–¹äº†ï¼Ÿï¼Ÿï¼Ÿè·Ÿå®¶äººå…±ç”¨é€™æ¨£è¶…ç´šä¸æ–¹ä¾¿ï¼Œä¸æ”¹å›žä¾†åˆ°æœŸä¹‹å¾Œå°±ä¸ç¹¼çºŒç”¨äº†ã€‚,7.10.90,1,1
æ™¯ç›Š,ç‰ˆæ¬Šå•é¡Œ,æœ‰äº›æ­Œæ‰‹æœ‰å”±éŽçš„æ­Œæ›² å±…ç„¶æ²’æœ‰æ”¶éŒ„ çœŸçš„çœŸçš„å¾ˆ..........,7.10.90,4,4
jellllllychu,å°ˆè¼¯,MF DOOM çš„å°ˆè¼¯å°‘äº†å¾ˆå¤šå¼µ å¸Œæœ›èƒ½è£œä¸Š,7.10.90,3,3
å¯§ã„¦.,æ­Œè©žå·¥å…·,"ç‚ºä»€éº¼è¦åˆªæŽ‰æ­Œè©žçš„å°å·¥å…·
æœ‰äº†é‚£å€‹å¯ä»¥ä¸ç”¨é»žé–‹å°±çœ‹æ­Œè©žå¾ˆæ–¹ä¾¿ç‚ºä»€éº¼æœƒåˆªæŽ‰å¸Œæœ›å¯ä»¥å„˜å¿«ç”¨å›žä¾†ï¼",7.10.90,3,3
09880733333,ä¸€é¡†æ˜Ÿ,"å¾ˆå¤šæ­Œæ›²éƒ½æ²’è¾¦æ³•è½ï¼Œæ²’æŽˆæ¬Šï¼Ÿ
ä¸€å€‹æœˆé‚„è¦149â‹¯â‹¯è¦ºå¾—å¾ˆä¸åˆ’ç®—ã€‚
æ‰“ç®—é‚€è«‹æˆ‘çš„å¥½æœ‹å‹ä¸€èµ·ç”³è«‹æŽ¨æŽ‰äº†ã€‚è¬è¬ ï¼",7.10.90,1,1
Annie000037,å•é¡Œå·²æ”¹å–„,å•é¡Œå·²æ”¹å–„,7.10.82,5,5
ranee1007,æ¯”è¼ƒå–œæ­¡ä»¥å‰çš„æ­Œè©žä»‹é¢,"ä¸€ç›´ä»¥ä¾†éƒ½æ˜¯ç”¨kkboxï¼Œä¸€äº›æ›´æ–°ä¹Ÿè¦ºå¾—å¾ˆæ£’ï¼Œä½†é€™æ¬¡æ›´æ–°çš„æ­Œè©žä»‹é¢æ„Ÿè¦ºå¤±åŽ»äº†kkboxçš„ç‰¹é»ž
ç½®ä¸­çš„ç²—é»‘é«”æ‰æ˜¯ç¶“å…¸ã„šâ‹¯â‹¯â‹¯
æˆªåœ–èµ·ä¾†ä¹Ÿæ¯”è¼ƒå¥½çœ‹â‹¯â‹¯â‹¯å—šå—šå¸Œæœ›å¯ä»¥è®Šå›žä¾†â‹¯æ‹œè¨—äº†",7.10.90,5,5
sone55555,å¸Œæœ›2020å¹´åº¦æ­Œå–®å¯ä»¥å¿«å¿«å‡ºä¾†ï½žï½ž æœŸå¾…,å¦‚æ¨™é¡Œ,7.10.90,5,5
æ±Ÿæ˜‡å¨,AirPod ç„¡æ³•æ›æ­Œ,æ˜¯æˆ‘è‡ªå·±çš„å•é¡Œé‚„æ˜¯å¤§å®¶çš„AirPodåœ¨ä½¿ç”¨çš„æ™‚å€™ç„¡æ³•ç”¨AirPod åŽ»æ›æ­Œå‘€,7.10.82,4,4
Justin W 1236,çˆ›,æ•´å¤©åœ¨é‚£é‚Šå«äººæ›´æ–°çˆ›é€äº†,7.10.82,1,1
Klovereading,å¤šå¹´æ„›ç”¨ä¸é–“æ–·,ä»¥å‰éŽ–å±æ™‚çš„å‹•æ…‹æ­Œè©žé‚„èƒ½å¤ æ¢å¾©å—Žï¼Ÿé‚£é …åŠŸèƒ½æˆ‘æœ€å–œæ­¡äº†,7.10.82,5,5
æƒ³è¦æœ‰éŠæˆ²é«”é©—çš„éšä»”,ç·¨è¼¯,èƒ½ä¸èƒ½å‡ºå€‹å¯ä»¥ç·¨è¼¯æ­Œæ›²é †åºï¼Ÿ,7.10.82,5,5
135874488,æ›´æ–°å¾Œ,"æ›´æ–°å¾Œæ­Œè©žæ€Žéº¼æ²’æœ‰ç½®ä¸­äº†
å¼·è¿«ç—‡çœ‹äº†ç”Ÿæ°£ðŸ˜¡",7.10.82,3,3
3256tw,æ–°æ”¹ç‰ˆ,æ­Œè©žä¸æœƒè‡ªå‹•ä¸‹ç§»ï¼Œå¾ˆä¸å¯¦ç”¨ï¼›å­—é«”åç™½ï¼Œè®“è¦–è¦ºåƒåŠ›ï¼æ”¹ç‰ˆè¶…å¤±æ•—ï¼Œé›£ç”¨ï¼,7.10.82,1,1
å¼µå¿ƒç·¯,å¾ˆå¤šYoutubeå–œæ­¡çš„æ­Œéƒ½æ²’æœ‰,Youtubeçš„ä¸€äº›æ­Œæ›²éƒ½æ²’æœ‰ï¼Œéƒ½æœ‰æåŠå®¢æœä¸­å¿ƒåˆ°ç¾åœ¨å»æ²’æœ‰å›žæ‡‰,7.10.82,3,3
XXCYC,æ­Œè©žä»‹é¢,"å¸Œæœ›èƒ½å¤ è‡ªè¡Œé¸æ“‡æ­Œè©žçš„ä»‹é¢
æ¯”èµ·ç¾åœ¨çš„æ›´å–œæ­¡ä¹‹å‰çš„æ¨£å¼",7.10.82,4,4
Nnnnina huang,æ›´æ–°å®Œä¸€ç›´é–ƒé€€,"æ›´æ–°å¾Œä¸€é»žé–‹å°±é–ƒé€€â‹¯
ä¸€æ•´å¤©äº†â‹¯â‹¯æ€Žéº¼è¾¦ðŸ˜­",7.10.82,1,1
æŽå°å¨‰,é–‹fbéŸ³æ¨‚å°±åœäº†@@,å¦‚é¡Œ,7.10.82,1,1
Ayaya T,æ­Œè©ž,é å·¦çœŸçš„å¾ˆé›£çœ‹ï¼ä¸å¤ªæ‡‚ç‚ºä»€éº¼æ›´æ–°æ˜¯æŠŠè‡ªå·±çš„å„ªé»žæ”¹æŽ‰ï¼Ÿ,7.10.82,1,1
Jejdncksnsnei,å¸Œæœ›é¸æ“‡/å…¨é¸ä¹‹å¾Œé™¤äº†åˆªé™¤é‚„æœ‰å…¶ä»–åŠŸèƒ½,"å¦‚é¡Œ
æœ‰æ™‚å€™æƒ³é¸ä¸€äº›æ­Œæ›² åˆ°æŸæ­Œå–® æˆ–æ”¶è—æ­Œæ›²
å»ç™¼ç¾åªæœ‰åˆªé™¤çš„åŠŸèƒ½
å¸Œæœ›å¯ä»¥æ·»åŠ å…¶ä»–åŠŸèƒ½ è¬è¬ðŸ™",7.10.82,3,3
Chun ru,æ­Œè©žåŠŸèƒ½èª¿æ•´çš„ä¸éŒ¯,æ­Œè©žæ–°å¢žçš„åŠŸèƒ½å¾ˆå–œæ­¡ï¼Œå¯ä»¥ç‚ºäº†ä¸€æ®µæ­Œè©žåœç•™åœ¨é‚£,7.10.82,5,5
Carissa Chu,æ­Œè©žæ–¹å¼æ›äº†,æ¯”è¼ƒå–œæ­¡ä»¥å‰çš„æ­Œè©žæç¤ºæ–¹å¼ï¼Œç¾åœ¨ä¸æ˜Žé¡¯,7.10.82,3,3
sj2pm,æ­Œè©žä½ç½®,æ›´æ–°å¾Œæ­Œè©žè®Šå·¦é‚Š æœ‰å¤ é†œ åŽŸæœ¬ä¸­é–“ä¸å¥½å—Žï¼Ÿ,7.10.82,3,3
æ¬£å¦¤æ¬£å¦¤æ¬£å¦¤,æ­Œè©žä»‹é¢,å¸Œæœ›å¯ä»¥æ”¹æˆä¹‹å‰çš„æ­Œè©žä»‹é¢,7.10.82,3,3
vic0107100,æŽ’è¡Œæ¦œ,é›»è¦–ç‰ˆçš„æŽ’è¡Œæ¦œç‚ºä»€éº¼ä¸è¦‹äº†,7.10.82,3,3
ä¸æ»¿æ—0,å¸Œæœ›æœ‰è‡ªå·±æ­Œå–®æˆ–æ˜¯æœ€è¿‘è½çš„æ­Œçš„widget,ðŸ™ðŸ™,7.10.82,5,5
Yuuhhssmmi,æ­Œè©ž,"å¸Œæœ›æ­Œè©žé é¢å¯ä»¥æ”¹å›žä¹‹å‰çš„ç‰ˆæœ¬à²¥_à²¥
ä¹‹å‰é‚£æ¨£ç½®ä¸­æ¯”è¼ƒèˆ’æœ
å¦‚æžœæ²’æ”¹å›žä¾† æˆ–å¤šä¸€å€‹è‡ªè¨‚é¸é …
å¯èƒ½ä¸æœƒå†ç¹¼çºŒç”¨kkboxäº†",7.10.82,1,1
poiklhuygfder,Siri ç„¡æ³•è¨­å®š,Siriç„¡æ³•è¨­å®š,7.10.82,1,1
Gi pei,å¾ˆæ£’,å¸Œæœ›å¯ä»¥æ©«å‘è½æ­Œçœ‹æ­Œè©ž,7.10.82,5,5
Dreamshee,èˆ‡æ­Œæ›²æœå°‹è»Ÿé«”ä¸²é€£,"ä¸çŸ¥é“KKBOXæ˜¯å¦æœ‰èˆ‡æ­Œæ›²æœå°‹çš„appä¸²é€£ï¼Ÿ
ä¾‹å¦‚Shazam
å‡å¦‚æœ‰çš„è©±ï¼Œä½¿ç”¨è€…åœ¨æ‰¾åˆ°æœ‰èˆˆè¶£çš„æ­Œä¹‹å¾Œï¼Œå°±å¯ä»¥ç›´æŽ¥åœ¨KKBOXåŒ¯å…¥ï¼Œ
é€™æ¨£éžå¸¸æœ‰æ•ˆçŽ‡ï¼Œè¬è¬",7.10.82,5,5
é˜¿å˜å–Š,å¸Œæœ›æ­Œå–®å¯ä»¥æ›´æ–°å¿«ä¸€é»ž å¾ˆå¤šæ–°æ­Œéƒ½å‡ºä¾†äº† å»æ‰¾ä¸åˆ°,æ‹œè¨—,7.10.82,4,4
CLW0101,æ­Œè©žæ”¹ç‰ˆçš„ä»‹é¢,æ­Œè©žæ”¹ç‰ˆçš„ä»‹é¢ä¸å¥½çœ‹ï¼Œå¸Œæœ›å¯ä»¥æ”¹å›žåŽŸä¾†ç½®ä¸­çš„ä»‹é¢ã€‚,7.10.82,4,4
iamwuyiyiyiyi,éŸ³è³ªå•é¡Œ,ä¸èƒ½ç”¨éŸ³è³ªhi-fi,7.10.82,5,5
Kkkkkkakkkkat,å…è²»è½è¦çœ‹å»£å‘Š åˆ°åº•çµ¦ä¸çµ¦çœ‹,é»žé€²åŽ»å»£å‘Š ç›´æŽ¥å£žæŽ‰ åˆ°åº•ðŸ˜€,7.10.82,1,1
å­å€«,UI,è·ŸSpotifyç›¸æ¯”ä¸ç®¡æ˜¯åœ¨æ“ä½œè·Ÿä»‹é¢çœŸçš„éžå¸¸å¼±,7.10.82,1,1
Chino8763,æ­Œæ‰‹ç†±é–€æ­Œæ›²å¤ªä¸ç†±é–€,æŽ¨è–¦çš„æ­Œéƒ½è »ç³Ÿçš„ï¼Œæ•´é«”æœå‹™é«”é©—åˆè¼¸ spotify å¤ªå¤šï¼Œåªè´åœ¨æ­Œè©žåŒæ­¥ï¼ˆæš«æ™‚ï¼‰,7.10.82,2,2
ç‹‚æš´è»é•·,ç”¨äº†å¾ˆå¤šå¹´äº†,å¸Œæœ›å¯ä»¥é…åˆ ios14 æŽ¨å‡ºå°çµ„ä»¶æ”¾åœ¨ä¸»ç•«é¢,7.10.82,5,5
å¸¥å“¥å°é­š,æ­Œè©ž,"å¯ä»¥è‡ªè¨‚å—Žï¼Ÿ
åå·¦å¾ˆé†œã€‚",7.10.82,3,3
Jesse Chiuï¼,Appç‰ˆé¢å•é¡Œ,è«‹å„˜é€Ÿæ”¹å–„æ›´æ–°å¾ŒXRæ‰“é–‹appæœå°‹åŠŸèƒ½è·‘åˆ°æ‰‹æ©Ÿæœ€ä¸Šç«¯èˆ‡æ™‚é–“é›»ä¿¡å…¬å¸åç¨±åŒä¸€æŽ’ï¼Œé€ æˆè¦ä¸æ–·é—œæŽ‰appé‡é–‹æ¯è·³å‡ºåŽ»ä¸€æ¬¡å°±åˆç™¼ç”Ÿç›¸åŒæƒ…æ³ï¼Œéžå¸¸å›°æ“¾ï¼ï¼ï¼,7.10.82,1,1
ritaora0115,æ­Œè©ž,æ­Œè©žä»‹é¢æ˜¯æ”¹ç‰ˆäº†å—Žï¼Ÿ æ€Žéº¼è·Ÿä¹‹å‰ä¸ä¸€æ¨£äº† æ¯”è¼ƒå–œæ­¡ä¹‹å‰çš„ã„šà²¥_à²¥,7.10.82,3,3
ä¿„æ³ä¸”æˆ‘å¿«,æ­Œè©žç‰ˆé¢å•é¡Œ,"æ‹œè¨—ðŸ™ æŠŠæ­Œè©žæ”¹å›žåŽŸæœ¬çš„æ¨£å­
çœ‹åˆ°çœŸçš„å‚»çœ¼ å¾ˆé†œðŸ˜‚
ç­‰æ”¹å›žä¾†æˆ‘å†æ”¹å›žäº”æ˜Ÿ",7.10.82,5,5
show0317,ç„¡æ³•é€éŽgoogle nest miniæ’­æ”¾æŒ‡å®šæ­Œæ›²,ç„¡æ³•æ’­æ”¾æŒ‡å®šæ­Œæ›²ï¼Œåªèƒ½æ’­æ”¾æŒ‡å®šæ­Œæ‰‹,7.10.82,4,4
å¤±åŽ»æ„›å¿ƒçš„å¯æ†äºº,Hifi,æœªä¾†ç™½é‡‘æœƒå“¡å¯ä»¥ç›´æŽ¥äº«æœ‰hifiéŸ³è³ªå—Žï¼Ÿé‚„æ˜¯é‚„éœ€è¦åŠ éŒ¢ï¼Ÿ,7.10.82,4,4
å°±æ„›æ‹¿éµ,æœ‰è¢«é¨™éŒ¢çš„æ„Ÿè¦º,å‰é™£å­å› ç‚ºç”Ÿæ—¥ðŸˆ¶ï¸å„ªæƒ ï¼Œ2å€‹æœˆæ‰99å…ƒï¼Œä½†æ˜¯ï¼Œæ ¹æœ¬95%æ˜¯ç„¡æ³•æ’­æ”¾ï¼Œæ°¸é éƒ½é¡¯ç¤ºç¶²è·¯ä¸­æ–·ç„¡æ³•é€£ç·šï¼Œæ‰‹æ©Ÿæ˜Žæ˜Žéƒ½å¯ä»¥ä¸Šç¶²ï¼Œä¹Ÿå¯ä»¥ç”¨åˆ¥å®¶çš„è½æ­Œâ‹¯ä¹‹å‰æ›¾ç¶“æ­£å¸¸ä»˜è²»æ™‚ï¼Œéƒ½æ²’æœ‰é€™å€‹å•é¡Œï¼Œå¦‚æžœç‚ºäº†æŒ½å›žæ¶ˆè²»è€…ï¼Œå»åˆå› ç‚ºå„ªæƒ ä¾¿å®œï¼Œè€Œç”¨åç›®é™åˆ¶æ¶ˆè²»è€…çš„ä½¿ç”¨ï¼Œæ ¹æœ¬æ˜¯é¨™éŒ¢å‘€â‹¯â‹¯â‹¯æƒ³è©¦è©¦é‡æ–°ä¸‹è¼‰çœ‹èƒ½ä¸èƒ½è§£æ±ºå•é¡Œï¼Œå»ç›´æŽ¥ä¸çµ¦ç™»å…¥ï¼Œæ‰ä»˜éŒ¢å¤šä¹…æ ¹æœ¬éƒ½ä¸èƒ½ç”¨ï¼Œéº»ç…©è«‹é€€éŒ¢ï¼ï¼ï¼,7.10.82,1,1
802332,æ­Œè©žå°å·¥å…·,"ios14æ­Œè©žå°å·¥å…·ä¸è¦‹äº†
ç”¨å®˜ç¶²çš„æ–¹å¼æ‰¾å°‹
å®Œå…¨æ²’æœ‰çœ‹åˆ°",7.10.80,3,3
tracy2372002,æ­Œè©žèƒ½æ”¹å›žåŽŸæœ¬çš„æ¨£å¼å—Žï¼Ÿ,æ‚¨å¥½ï½žå¸Œæœ›æ­Œè©žæŽ’ç‰ˆèƒ½æ”¹å›žåŽŸæœ¬ç½®ä¸­çš„æ¨£å¼ï¼Œæˆ–è€…é–‹æ”¾å…©ç¨®æ¨£å¼ä»¥ä¾›é¸æ“‡å—Žï¼Ÿå…¶ä»–åŠŸèƒ½éƒ½å¾ˆå¥½ç”¨ï¼Œè¬è¬ï½ž,7.10.80,5,5
luswtin,ç‚ºä½•æˆ‘ç”¨KK pointè¨‚é–±Hi-Fiæ´»å‹•å¾Œï¼Œè¨­å®šå…§çš„éŸ³è³ªä¾èˆŠæ²’æœ‰Hi-Fié¸é …ï¼Ÿ,ç¶“è‡´é›»è²´å…¬å¸å¾Œå•é¡Œè§£æ±º,7.10.80,5,5
CJ-Chiu,Apple Watch ç„¡æ³•æœ‰æƒ…å¢ƒé›»å°ç­‰é¸å–®,Apple Watch 6 æ˜Žæ˜Žæœ‰è¡Œå‹•æœå‹™ã€ä½†æ‰“é–‹å»æ²’å‡ºç¾æƒ…å¢ƒé›»å°ã€æ›²é¢¨é›»å°çš„é¸å–®ã€æ›´æ–°æœ€æ–°äº†ï¼Œé‚„æ˜¯ä¸€æ¨£ã€è·Ÿé€™ç•«é¢ä¸Šçš„åœ–ä¸ç¬¦ã€‚é‚„æ˜¯åªèƒ½æ“ä½œæ‰‹æ©Ÿåšæˆé™æŽ§å™¨è€Œå·²ã€‚,7.10.80,2,2
å®‰å¦žå™—å™—,æ­Œè©žé å·¦é‚Šæœ‰é»žé†œ,å¯ä»¥æ”¹å›žç½®ä¸­å—Žâ‹¯â‹¯,7.10.80,1,1
Chunmien,æ­Œè©žæ”¹é€™æ¨£è·‘çœŸçš„ä¸å¤ªå¥½çœ‹ï¼Œéš±è—äº†æœªåˆ°æ­Œè©ž,æ­Œè©žæ”¹é€™æ¨£è·‘çœŸçš„ä¸å¤ªå¥½çœ‹ï¼Œéš±è—äº†æœªåˆ°æ­Œè©ž,7.10.80,4,4
cdman52023,æ­Œè©žé¡¯ç¤ºçš„æ–¹å¼å¯ä»¥æ”¹å›žèˆŠç‰ˆçš„å—Žï¼Ÿ,æ­Œè©žé¡¯ç¤ºçš„æ–¹å¼å¯ä»¥æ”¹å›žèˆŠç‰ˆçš„å—Žï¼Œæ›´æ–°å¾Œè¦ºå¾—æ­Œè©žçš„æŽ’ç‰ˆä¸å¦‚ä»¥å¾€ç›´è¦º,7.10.80,4,4
playlist30,å¯ä»¥èƒ½èª¿æ•´æ­Œè©žåˆ°åŽŸå…ˆçš„ç½®ä¸­,ä¸ç„¶çœ‹çš„å¾ˆä¸èˆ’æœà²¥_à²¥,7.10.80,4,4
wl00782534,ç°¡è¨Šè·Ÿmileæœƒè‡ªå·±å¯„éŽä¾†è€Œä¸”æˆ‘å·²ç¶“å–æ¶ˆé›»å­å ±äº†,ç°¡è¨Šè·Ÿmileæœƒè‡ªå·±å¯„éŽä¾†,7.10.80,1,1
ä¸ç†é›žè›‹èŠ±,æ­Œè©ž,å¯ä»¥æŠŠæ­Œè©žç½®ä¸­æ”¹å›žä¾†å—Žâ‹¯â‹¯,7.10.80,4,4
30341904,ç„¡æ³•ç™»å…¥,è¶…çˆ›,7.10.80,1,1
Kraken26yc,WidgetåŠŸèƒ½,Widgetæ­Œè©žæ‰¾ä¸åˆ°,7.10.80,4,4
ä¸€å€‹æš±ç¨±è¦è©¦å¹¾æ¬¡,è¢«iPhoneç€æµ·æ“‹ä½äº†,"æŸä¸€æ¬¡æ›´æ–°å¾Œ åªè¦æœå°‹éŽä¸€æ¬¡æ­Œæ›²å¾Œ
æœ€ä¸Šé¢ä¸€æŽ’çš„é¸å–®ï¼ˆæœå°‹barã€æŽ’è¡Œæ¦œã€podcast....é‚£äº›ï¼‰éƒ½æœƒè¢«æ‰‹æ©Ÿçš„ç€æµ·.é›»æ± æ™‚é–“åˆ—æ“‹ä½ç„¡æ³•é»žé¸ï¼Œå¯ä»¥èª¿æ•´ä¸€ä¸‹ä»‹é¢å—Žï¼Ÿ",7.10.70,4,4
iampancake,æ–°ä»‹é¢çš„æœå°‹ç´€éŒ„ç„¡æ³•æ¸…é™¤,æ–°ä»‹é¢çš„æœå°‹åŠŸèƒ½ï¼Œæ²’è¾¦æ³•æ¸…é™¤æœ€è¿‘æœå°‹ç´€éŒ„,7.10.70,4,4
çŽ‹æ¶‚æ·‘åŠ›,å¾ˆå¥½,å¯ä»¥è©¦è½çœ‹çœ‹,7.10.70,4,4
jjengf,å¾…æ’­æ”¾æ¸…å–®åŠŸèƒ½å¯ä»¥æ›´å®Œå–„,æˆ‘è¦ºå¾—å¯ä»¥åšä¸€å€‹æŒ‰éµæ˜¯æŠŠæ­Œè¨­æˆä¸‹ä¸€é¦–å¾…æ’­æ”¾æ­Œæ›²,7.10.70,5,5
linyiiixuan,å°å·¥å…·,iOS14ä»€éº¼æ™‚å€™æœ‰hifi?,7.10.70,4,4
leezxx,åŠŸèƒ½,å¸Œæœ›iOSçš„å°å·¥å…·å¯ä»¥æ–°å¢žæ’­æ”¾æš«åœä¸Šä¸‹é¦–åŠŸèƒ½ ä¸è¦åªèƒ½çœ‹æŽ’è¡Œæ¦œ,7.10.70,5,5
bon50218,å¸Œæœ›è½å¤–åœ‹æ­Œæ™‚å¯ä»¥æœ‰ä¸­æ–‡æ­Œè©ž,å¦‚é¡Œï¼Œæˆ‘å€‹äººåœ¨è½æˆ‘è‹±æ–‡æ­Œæ™‚æœƒå¸Œæœ›æœ‰ä¸­æ–‡æ­Œè©žï¼Œæœƒæ›ç”¨youtube è½éŸ³æ¨‚ï¼Œé€™æ¨£æ›ä¾†æ›åŽ»å¾ˆéº»ç…©ï¼Œå¦‚æžœé€™é‚Šåœ¨è½å¤–æ–‡æ­Œæ™‚æœ‰ä¸­æ–‡æ­Œè©žæˆ–å¯ä»¥è‡ªå·±æ–°å¢žçš„è©±å°±å¤ªæ£’äº†,7.10.70,5,5
About C.J,ç„¡æ³•è‡ªå‹•å»¶ä¼¸,"æˆ‘çš„kkboxç„¡æ³•è‡ªå‹•å»¶ä¼¸éŸ³æ¨‚
å·²ç¶“è¬›è‡ªå‹•å»¶ä¼¸æ‰“é–‹
ios 14
Kkboxå·²ç‚ºæœ€æ–°ç‰ˆæœ¬
ä¹Ÿå°‡ä¸å¾ªç’°æ’­æ”¾æ‰“é–‹
ä½†åˆ°æœ€å¾Œä¸€é¦–æ­Œåœäº†å°±èªªç„¡ä¸‹ä¸€é¦–æ­Œæ›²æ’­æ”¾",7.10.70,5,5
iamagoodboy886,ç„¡æ³•åˆ†äº«æ­Œè©žè‡³IGé™æ™‚å‹•æ…‹,"è«‹å•ç‚ºä»€éº¼ç¾åœ¨æ²’è¾¦æ³•åˆ†äº«æ­Œè©žåˆ°igäº†ï½žï½žï½ž
ä¹‹å‰é‚„å¯ä»¥ï¼ï¼
ä»¥ç‚ºæ˜¯å› ç‚ºä¸æ˜¯æœ€æ–°ç‰ˆæœ¬æ›´æ–°ä¹‹å¾Œé‚„æ˜¯ä¸€æ¨£
æŒ‰åˆ†äº«ä¹‹å¾Œæœ‰é¸æ­Œè©žçš„éƒ¨åˆ†
ä½†å»ä¸èƒ½æŒ‰åˆ†äº«çš„æŒ‰éˆ•
è«‹å¹«æˆ‘è§£æ±ºè¬è¬ï½žï½ž",7.10.70,5,5
EEç³»,æ‰“é–‹ç¨‹å¼æ™‚çš„å‹•ç•«å¤ªä¹…,"ä¸€æ‰“é–‹çš„é‚£å€‹kkboxå‹•ç•«å¤ªä¹…äº† æ¯æ¬¡éƒ½ç­‰å¾—å¾ˆä¸è€ç…©
æœ‰äº›æ­Œæœƒçªç„¶æœªæŽˆæ¬Šï¼Œç„¶å¾Œå°±å†ä¹Ÿä¸æœƒå‡ºç¾äº†",7.10.70,4,4
lty04,æ›´æ–°åˆ°ios14.2 æ²’æœ‰æ­Œè©žå°å·¥å…·,Widgeté‚£é‚Šæ²’æœ‰æ­Œè©žå°å·¥å…·çš„é¸é …ï¼Œå¸Œæœ›å¯ä»¥ç›¡å¿«æ”¹å–„ðŸ˜­ðŸ˜­ðŸ˜­ðŸ˜­è¬è¬,7.10.70,4,4
æ„›åƒå¸ƒä¸çš„æŸ´çŠ¬,å¦‚æžœèƒ½æŠŠflacéŸ³è³ªä¸‹æ”¾åˆ°é™¤äº†ä¸­è¯é›»ä¿¡ä»¥å¤–,"å¦‚æžœèƒ½æŠŠflacéŸ³è³ªä¸‹æ”¾åˆ°é™¤äº†ä¸­è¯é›»ä¿¡ä»¥å¤–çš„è£ç½®
æˆ‘ç›¸ä¿¡åƒ¹æ ¼æ–¹é¢æ˜¯å¯ä»¥åšå•å·çµ±è¨ˆçœ‹çœ‹çš„
ä¸éŽæ ¹æ“šç›®å‰ç‹€æ³ä¾†çœ‹
æˆ‘è¦ºå¾—ç´„199æ˜¯å¤§éƒ¨åˆ†äººå°æ–¼hi-resçš„æŽ¥å—ç¯„åœ",7.10.70,3,3
æ„›å¥½è€…ä¸€æžš,iPhone touch / 5C,"æ­¤å…©ç¨®ç‰ˆæœ¬å·²ç¶“åœæ›´äº†å—Žï¼Ÿ
ç¿’æ…£ç”¨ä»–å€‘è½æ­Œéƒ½ä¸èƒ½è½äº†ï¼Œæ‚²åŠ‡â‹¯",7.8.70,3,3
huei0921,æ­Œæœƒçªç„¶åœæŽ‰,æœ‰æ™‚å€™æœƒæ–·æ–·çºŒçºŒ ç„¶å¾Œå°±æ²’è²éŸ³,7.10.70,1,1
éŒµå‘±,...,"ä¸‹åˆé‚„èƒ½è½æ­Œå¥½å¥½çš„ æ™šä¸ŠèŽ«åå…¶å¦™ç™»ä¸é€²åŽ» 
æ˜Žæ˜Žå¸³è™Ÿå¯†ç¢¼æ‰“çš„éƒ½æ˜¯å°çš„å•Š æˆ‘é‚„é‡æ–°ä¸‹è¼‰äº†å•é¡Œä¸€æ¨£æ‹œè¨—å¿«é»žæ”¹å–„",7.10.70,1,1
çµ¦æˆ‘çŽ‹å˜‰çˆ¾å¾½ç« ,å¾½ç« è­˜åˆ¥åŠŸèƒ½å¾ˆä¸æº–,"ç”¨kkboxåå¤šå¹´äº†
ç¬¬ä¸€æ¬¡ä½¿ç”¨é€™éº¼ä¸é–‹å¿ƒ
æ–°æ­Œæ›´æ–°æ…¢ä¸ç„¶å°±æ˜¯æ²’æœ‰
é€™äº›éƒ½ç®—äº†
æˆ‘éƒ½é‚„èƒ½æŽ¥å—
æˆ‘æ˜¯çŽ‹å˜‰çˆ¾ç²‰çµ²
æˆ‘å¤©å¤©è½çŽ‹å˜‰çˆ¾çš„éŸ³æ¨‚
ç²‰çµ²å¾½ç« ä¸€å‡ºä¾†
ä½ çµ¦æˆ‘æ±ªXé¾è·Ÿè¬Xå¼¦ï¼Ÿï¼Ÿï¼Ÿï¼Ÿï¼Ÿ
ä»€éº¼æ„æ€ðŸ™„ðŸ™„ðŸ™„
éƒ½å¥½å¹¾å¤©äº†ä¸çµ¦æˆ‘æ›æŽ‰ä¹Ÿä¸çµ¦æˆ‘çŽ‹å˜‰çˆ¾çš„å¾½ç« 
éžå¸¸ç„¡èªž
å¯ä»¥çµ¦æˆ‘çŽ‹å˜‰çˆ¾çš„å¾½ç« å—ŽðŸ™„",7.10.70,3,3
longerking,æ­Œæ›²å»ºè­°,"ç‚ºä½•æ²’æœ‰ä¹‹å‰2003å¹´æŠ—SARSç¾¤æ˜Ÿåˆå”±çš„ã€Šæ‰‹ç‰½æ‰‹ã€‹
é€™é¦–æ­Œå»ºè­°å¥½å¹¾æ¬¡ éƒ½æ²’ä¸Šæž¶ å‚»çœ¼",7.10.70,1,1
å·¦å³é‚Š,å¿«é€Ÿæ‰¾åˆ°è‡ªå·±æ²’æœ‰æ”¶è—åˆ°çš„æ­Œ,å¸Œæœ›èƒ½æœ‰é€™å€‹æ±è¥¿,7.10.70,4,4
Yu6985,é€™ä¸€ç‰ˆï¼Œæœ‰äº›åŠŸèƒ½éƒ½éšœç¤™äº†ï¼Œå¾ˆé›£æ•˜è¿°...,é€™ä¸€ç‰ˆï¼Œæœ‰äº›åŠŸèƒ½éƒ½éšœç¤™äº†ï¼Œå¾ˆé›£æ•˜è¿°...,7.10.70,1,1
æ„Ÿåˆ°ç«å¤§çš„ç”¨æˆ¶,å“¼æ­Œç„¡æ³•è¾¨è­˜æ­Œæ›²,å“¼æ­Œç„¡æ³•è¾¨è­˜æ­Œæ›²ï¼Œå³ä½¿åŽŸæ›²éŸ³æ¨‚æ’­æ”¾æœå°‹ä¹Ÿæœä¸åˆ°ï¼,7.10.70,1,1
122xgchj,æ›´æ–°å¾Œé–‹å•ŸFBå¾ŒéŸ³æ¨‚éƒ½æœƒè‡ªå‹•æš«åœ,æ›´æ–°å¾Œé–‹å•ŸFBå¾ŒéŸ³æ¨‚éƒ½æœƒè‡ªå‹•æš«åœ,7.10.70,2,2
å“‡å“‡å“‡å“ˆå“ˆå“ˆå˜»å˜»å˜»,ç™»ä¸é€²åŽ»,ç‚ºä»€éº¼æˆ‘ç™»ä¸é€²åŽ»ï¼Ÿ,7.10.70,1,1
chiafeng2003,çµ¦å€‹è®š,å¥½ç”¨æ–¹ä¾¿éŸ³è³ªå¾ˆæ£’ï¼,7.10.70,5,5
å¤œå¹•ç¶ ç”¨æˆ¶,ç€æµ·å•é¡Œ,è«‹å•æˆ‘i11 æ›´æ–°ios14 å¾Œ ç•«é¢éƒ½æœƒè·‘åˆ°ç€æµ·éƒ¨ä»½ï¼Œï¼ˆæ”¶è¨ŠéŸ³æ¨‚ã€å‘ä¸‹ç®­é ­ç­‰ï¼‰ ç„¶å¾Œå°±ç„¡æ³•ä½¿ç”¨ï¼Œéœ€è¦æ»‘æŽ‰é‡é–‹ã€‚æœ‰è¾¦æ³•è§£æ±ºå—Žï¼Ÿ,7.10.70,3,3
æ”¾é–‹é‚£å€‹æ€ªç‰©,äºŽå°ç…™,æˆ‘æ‰¾ä¸åˆ°å¥¹çš„ä¸€é¦–æ­Œæ­Œåå«æˆ‘å¿ƒè£¡ç—›,7.10.70,1,1
â˜ï¸âš¡ï¸â˜”ï¸,æ­Œè©žå°å·¥å…·å¤±è¹¤äº†ðŸ˜­,"æ›´æ–°å®Œåªå‰©æŽ’è¡Œæ¦œ
æ­Œè©žå°å·¥å…·ä¸è¦‹äº†",7.10.70,3,3
RichardsonKang,æˆ‘çœ‹åˆ°æ¼”å”±æœƒäº†,æŠŠæ¼”å”±æœƒè³‡è¨Šæ•´åˆåˆ°æ­Œæ‰‹é é¢ï¼Œå†é€éŽKKtixè¨‚ç¥¨ï¼Œå¯ä»¥ï¼Œé€™å€‹å®Œç¾Žç¨‹åº¦å¾ˆè˜‹æžœðŸ‘,7.10.70,5,5
å²èŠèŠå§†,ðŸ˜‚,å¦‚æžœä¸ç”¨ä»˜è²»æ‡‰è©²å°±æœƒæœ‰æ›´å¤šäººç”¨,7.10.70,4,4
æ°¤æ°³è—,ç”¨äº†åå¹´çš„ä½¿ç”¨è€…å›žé¥‹,å¾ˆå¤šæ­Œéƒ½æ²’æœ‰ å¡«äº†æ­Œæ›²å»ºè­°ç”³è«‹å–® å°±åƒæ˜¯çŸ³æ²‰å¤§æµ·ä¸€åŽ»ä¸å›ž åªæœƒæžäº›æœ‰çš„æ²’çš„å™±é ­ è³£ç¥¨æ¶ç¥¨ æ”¹ä¸€é»žä¸å¯¦éš›çš„ä¸»é¡Œæ›´æ› é‡å°ä½¿ç”¨è€…é«”é©—éƒ¨åˆ†é€²æ­¥è¶…ç·©æ…¢ å…¶ä»–åƒsé‚„æ˜¯youtubeéƒ½æœ‰å‡ºæ’­æ”¾è»Ÿé«”äº† ç¾åœ¨ä¸æ˜¯åå¹´å‰é‚£ç¨®å¸‚å ´äº† è«‹ä½ é‡å°ç¾åœ¨çš„ä½¿ç”¨è€…éœ€æ±‚å¢žåŠ è©²æœ‰çš„æ­Œæ›² ä»˜æœˆç§Ÿè²»ä¸æ˜¯è¦è®“æ‚¨æ”¹é‚£äº›æœ‰çš„æ²’çš„æƒ³è½çš„æ­Œè½ä¸åˆ° éŸ³è³ªç„¡æ³•æå‡ ä»‹é¢å¡åˆ°è˜­æ•™è‡‰ æ“ä½œä¸€é»žä¹Ÿä¸æµæš¢ å†ä¸æ”¹é€²å°±æŽ°æŽ°,7.10.70,1,1
æ˜¯åœ¨å“ˆå›‰å›‰å›‰,æ­Œæ›²ä¸æ˜¯æœ€æ–°,å¾ˆå¤šæ­Œéƒ½æ²’è¾¦æ³•è½ï¼Œç”šè‡³æœå°‹æŸæ­Œæ‰‹çš„æ™‚å€™æ­Œå–®éƒ½ä¸æ˜¯æœ€æ–°çš„ï¼ï¼ï¼,7.10.70,3,3
yoqttirube,è¶Šä¾†è¶Šçˆ›,è½ä¸€å€‹å°æ™‚å¾Œå°±ä¸€ç›´è½‰åœˆåœˆä¸çŸ¥é“åœ¨è½‰ä»€éº¼æ„æ€çš„,7.10.70,1,1
a103126107,ç„¡æ³•æŠŠæ­Œè©žæ”¾å…¥æ‰‹æ©Ÿå·¥å…·åˆ—å…§,æ›´æ–°å¾Œç„¡æ³•æŠŠæ­Œè©žæ”¾åˆ°å°å·¥å…·å…§ï¼Œåªå‰©ç¶œåˆæ–°æ­ŒæŽ’è¡Œæ¦œäº†ï¼Œéº»ç…©è«‹æ”¹é€²,7.10.70,2,2
Jerry Kong,æ­Œå–®åŒæ­¥é–‹å•Ÿå¾Œå¾ˆå¡,"æ­Œå–®åŒæ­¥é–‹å•Ÿå¾Œ
æ¯æ¬¡æ‰“é–‹KKBOX app
éƒ½å¡ä½ï¼Œå¿…é ˆåŒæ­¥å®Œç•¢
æ‰èƒ½é»žæ“Š",7.10.70,3,3
é™³æ›‰å¤©,æ™‚é–“æŽ’åº,å¸Œæœ›ä¹‹å‰çš„æ™‚é–“æŽ’åºå¯ä»¥æ¢å¾©ä½¿ç”¨ ä¸ç„¶åŽŸæœ¬èª¿æ•´å¥½çš„æ­Œå–®çž¬é–“äº‚æŽ‰,7.10.60,4,4
CliffHsieh,è©¢å•ç‰ˆæœ¬èˆ‡æ‰‹æ©Ÿé›»åŠ›å•é¡Œ,è«‹å•æœ€è¿‘çš„ç‰ˆæœ¬è·Ÿä»¥å‰çš„ç‰ˆæœ¬æ¯”è¼ƒï¼Œæ˜¯ä¸æ˜¯æœƒæè€—æ¯”è¼ƒå¤šçš„iPhone é›»åŠ›ï¼Ÿå¦‚æžœæ˜¯çš„è©±ï¼ŒçœŸçš„è€—é›»å¾ˆåš´é‡,7.10.60,4,4
è…¦6,å¸Œæœ›æœ‰æ›´å¤šæ­Œ,"é›–ç„¶å·²ç¶“å¾ˆæ£’äº†
ä½†é‚„æ˜¯å¸Œæœ›æœ‰æ›´å¤šçŸ¥åçš„æ­Œ
åƒä¸€äº›å¤§é™¸é¸ç§€ç¯€ç›®çš„æ­ŒðŸ˜‚",7.10.60,5,5
W0701,æ—©å®‰,æ—©å®‰,7.10.60,5,5
Gavinshaoyen,é›»å°åŠŸèƒ½ä¸è¦‹äº†,æ›´æ–°å®Œï¼Œé›»å°åŠŸèƒ½æ²’äº†ï¼Œæƒ³é€€è¨‚äº†â‹¯,7.10.60,1,1
Rich.ild,ç‚ºäº†ç™¾éˆæžœä¸‹è¼‰çš„,å¸Œæœ›æ’­å‡ºé †åˆ©,7.10.60,5,5
LaiTingå¸•å¸•,ç‰ˆé¢ä¸€ç›´è·‘æŽ‰....,ä¸ç©©å®šæ€§,7.10.60,4,4
184828938482,ç„¡æ³•è¿”å›ž,IOSé»žé¸æ­Œæ›²æ­Œè©žä»¥å¾Œï¼Œå·¦ä¸Šè§’çš„è¿”å›žéµæ²’æœ‰åæ‡‰ï¼Œä¸€ç›´å¡åœ¨ç›®å‰æ’­æ”¾æ­Œæ›²æ­Œè©žçš„ä»‹é¢ã€‚,7.10.60,3,3
sooonbaby,Appæ’­ä¸€æ®µæ™‚é–“å°±æœƒé–ƒé€€,æœ€è¿‘æ›´æ–°å®Œä½¿ç”¨iPhone 6plus ï¼Œios12.4.8ç‰ˆæœ¬æ’­æ”¾éŸ³æ¨‚æ™‚å¤§ç´„éŽ10åˆ†é˜å°±æœƒè‡ªå·±é–ƒé€€åœæ­¢æ’­æ”¾â‹¯ã€‚è«‹å¹«å¿™å”åŠ©ä¿®æ­£ï¼Œè¬è¬ï¼,7.10.60,3,3
changanchi,ç‰ˆé¢,æˆ‘çš„ä¸ŠæŽ’è¿”å›žéµé‚£äº› éƒ½æœƒè·‘åˆ°iphone ç€æµ·åŽ»æ™‚é–“é›»é‡çš„ä½ç½® å¯ä»¥è§£æ±ºä¸€ä¸‹å—Žï¼Ÿä¸ç„¶ç„¡æ³•è¿”å›ž è¦ä¸€ç›´é‡æ–°æ‰“é–‹,7.10.60,2,2
kouirin,è½åˆ°ä¸€åŠé€€å‡º,å¦‚é¡Œï¼Œæœ€è¿‘è½åˆ°ä¸€åŠéƒ½è‡ªå·±è‡ªå‹•é€€å‡ºï¼Œä¸çŸ¥é“æ˜¯è‡ªå·±æ‰‹æ©Ÿçš„å•é¡Œé‚„æ˜¯ç³»çµ±æ€Žéº¼äº†ï¼Œè¦ºå¾—å›°æ“¾,7.10.60,5,5
é¦®æ©æ©,ç‚ºä»€éº¼æ²’æœ‰å…è²»æ­Œæ›²äº†,å¦‚é¡Œ,7.10.60,2,2
Kjhgyyyydgy647873,å»¶ä¼¸è†è½,"å»¶ä¼¸è†è½çš„åŠŸèƒ½åˆ°åº•è¦åœ¨ä»€éº¼æƒ…æ³ä¸‹æ‰æœƒå‡ºç¾..
ä¹‹å‰ç·šä¸Šæœå°‹ä¸€é¦–æ­Œ ä¹‹å¾Œå°±æœƒå»¶ä¼¸ä¸‹åŽ»
ä¸Šæ¬¡æ›´æ–°å®Œä¹‹å¾Œæ€Žéº¼å°±æ²’æœ‰äº†
åˆä¸èƒ½æ‰‹å‹•é–‹å•Ÿ
å¯ä»¥çµ¦æˆ‘ä¸€å€‹ç­”æ¡ˆå—Ž",7.10.60,3,3
Small Show,é ‚ç«¯æœƒè—é€²iPhone çš„ç€æµ·è£ç„¡æ³•ä½¿ç”¨,ç„¡æ³•ä½¿ç”¨æœå°‹ðŸ”æ˜¯è¦æ€Žéº¼ç”¨,7.10.60,2,2
é˜¿æ²’å…è²»è½äº†ï¼Ÿ20é¦–/å¤©,æ¯æ—¥20é¦–æ²’é€,æ¯æ—¥20é¦–æ²’é€,7.10.60,1,1
é–ƒé€€ä¿ ,Widgetå·¥å…·,"æ›´æ–°çš„widgetå¯¦åœ¨å¾ˆä¸å¯¦ç”¨
å®Œå…¨ä¸æœƒåŽ»è½æ–°æ­ŒæŽ’è¡Œ
ä¹Ÿæ²’æœ‰å…¶ä»–é¸æ“‡",7.10.60,1,1
å®¶åº­æ–¹æ¡ˆæˆ‘é¡˜æ„ä»˜éŒ¢å•¦,å¸Œæœ›èƒ½æœ‰å®¶åº­æ–¹æ¡ˆ,å¸Œæœ›èƒ½å¤šä¸€é»žäººè½‰è½æ­£ç‰ˆéŸ³æ¨‚ ä½†è¦ä»–å€‘è½‰æ›ä¸ä»˜è²»è§€å¿µçœŸçš„å¾ˆé›£ æ‰€ä»¥å¸Œæœ›èƒ½åƒSpotify Apple Music é‚£æ¨£èƒ½æœ‰å®¶åº­æ–¹æ¡ˆ ä¸€å€‹ç™¼èµ·äººæŠŠå¤§å®¶éƒ½åŠ é€²ä¾† éŒ¢å‡æ”¤ä¸‹ä¾†æ¯”è¼ƒä¾¿å®œç›¸å°ä¹Ÿæ¯”è¼ƒå¥½æŽ¨å»£æ­£ç‰ˆè»Ÿé«”,7.10.60,5,5
nanijia,iOS14å°å·¥å…·,"æ­Œè©žä¸è¦‹äº†QQ 
è€Œä¸”widgetçš„æŽ’è¡Œæ¦œéƒ½æ˜¯æˆ‘ä¸å–œæ­¡/æ²’è½éŽçš„éŸ³æ¨‚ï¼Œå¸Œæœ›ä¹‹å¾Œèƒ½æœ‰æ›´æ–°æˆè‡ªå·±çš„æ­Œå–®/è¥¿æ´‹æ­Œå–®ä¹‹é¡žçš„åŠŸèƒ½ã€‚",7.10.60,5,5
s910788,æ›´æ–°å¾Œé–ƒé€€,æ›´æ–°å‰å°±æœƒä¸€ç›´è·³å‡ºéœ€è¦æ›´æ–°çš„é€šçŸ¥åŽŸæœ¬æƒ³èªªå¿½ç•¥ä½†æ˜¯ä¸€ç›´è·‘å‡ºä¾†ï¼Œæ‰€ä»¥å°±é †æ‰‹æ›´æ–°äº†ï¼Œæ›´æ–°å®Œå¾Œå°±å†ä¹Ÿé€²ä¸åŽ»äº†...........æ‰“é–‹ä¸€å®šé–ƒé€€,7.10.60,1,1
Kkbox loverr,æ›´æ–°æœ‰bug,æ›´æ–°å¾Œæ­Œè©žå¸¸å¸¸å¡ä½ç„¡æ³•æ»‘å‹•ç€è¦½,7.10.60,4,4
Josie1209,å°å·¥å…·è®“äººå¤±æœ›,"å¾ˆå°‘åœ¨è½åœ‹èªžæµè¡Œæ­Œæ›²
æ”¾é‚£å€‹ç†±é–€æŽ’è¡Œæ¦œçœŸçš„ä¸€é»žå¹«åŠ©ä¹Ÿæ²’æœ‰
å¥½æ­¹ä¹Ÿè®“äººè‡ªå·±é¸æ“‡éŸ³æ¨‚é¡žåž‹å§ï¼
å†ä¸ç„¶ç”¨æˆæ­Œè©žåŠŸèƒ½ä¹Ÿå¾ˆæ£’å‘€ï¼
è¦ºå¾—ä½ å€‘æœ‰åœ¨æŒçºŒé€²æ­¥ï¼Œä½†å¸Œæœ›å°å·¥å…·å¯ä»¥å¯¦ç”¨ä¸€é»žã€‚",7.10.60,3,3
su114suss,Apple Watch,"ä¸çŸ¥é“ç‚ºä»€éº¼ Apple Watchçš„KKBOX 
æ”¶è—æ­Œæ›²é»žé–‹å¾Œ
ä¸€ç›´å‡ºç¾ä¸æ˜ŽéŒ¯èª¤ è«‹ç¨å€™å†è©¦
è«‹å•è©²å¦‚ä½•è™•ç†",7.10.60,3,3
æ„›ä¸Šç§‹å¤©,è¾¨è­˜æ­Œæ›²,è«‹å•è¾¨è­˜æ­Œæ›²çš„åŠŸèƒ½é‚„åœ¨å—Ž,7.10.60,5,5
æ­å®‰,widgetå°å·¥å…·,"æ‡‡è«‹KKBOX çš„å°å·¥å…·å¯ä»¥å®¢è£½åŒ–ä¸€é»ž
æ„Ÿè¦ºä¸æ˜¯æ¯å€‹äººéƒ½æœƒåªæƒ³è½ç¶œåˆæ–°æ­Œå§
é¸æ“‡æ’­è‡ªå·±çš„æ­Œå–®çš„å°å·¥å…·çœŸçš„æœƒæ›´å¯¦ç”¨",7.10.60,4,4
å¯¬13542135,æ–°åŠŸèƒ½æè­°,ç¡çœ å®šæ™‚æ’­æ”¾å¯ä»¥æ–°å¢žæ’­æ”¾å¹¾é¦–éŸ³æ¨‚å¾Œæ’­æ”¾çµæŸï¼Œä¸ç„¶è½åˆ°ä¸€åŠæ™‚é–“åˆ°äº†å¡æ­Œå¾ˆä¸èˆ’æœã€‚,7.10.60,5,5
å¤œé›¨æ˜•,éŽ–å±å‹•æ…‹æ­Œè©ž,å¦‚åŒæ¨™é¡Œ è˜‹æžœæ›´æ–°åˆ°14å¾Œ ç™¼ç¾å‹•æ…‹æ­Œè©žæ²’æƒ¹ðŸ˜­ðŸ˜­ðŸ˜­ðŸ˜­ æ±‚ä»–å›žä¾† ðŸ˜­ðŸ˜­ðŸ˜­,7.10.60,5,5
æ©˜æ©˜æ©˜ðŸŠ,æ­Œå–®åŒæ­¥,è«‹é–‹æ”¾ï¼Œæ­Œå–®åŒæ­¥çš„åŠŸèƒ½ï¼Œèƒ½è‡ªå·±é¸å–æ˜¯å¦åŒæ­¥çš„åŠŸèƒ½,7.10.60,1,1
chu_ibaby,é™æ™‚å‹•æ…‹åˆ†äº«,å¸Œæœ›æ˜¯æœ‰éŸ³æ¨‚çš„åˆ†äº«ï½žï½žï½žä¸æ˜¯æ­Œè©žè€Œå·²,7.10.60,5,5
è‚‰è‚‰ä¸¸ä¸¸ä¸¸,å¸Œæœ›æŽˆæ¬Šåˆ°æœŸçš„æ­Œæ›²å¯ä»¥è½,KKè‡³å°‘æœ‰ç”¨12å¹´ä»¥ä¸Šäº†å§ï¼ï¼æ›²åº«è£¡é¢ä¸€å †æœªæŽˆæ¬Šçš„æ­Œæ›²ï¼Ÿï¼Ÿï¼Ÿèµ·ç¢¼ä¹Ÿè«‹ä¿éšœæˆ‘å€‘é€™äº›è€å®¢æˆ¶çš„æ¬Šç›Šå§ï¼ï¼ï¼  æ–°æ­Œæ²’æœ‰å¤šå¥½è½ï¼Œæƒ³è½ä¸€ä¸‹è€æ­Œæ”¾åˆ°ä¸€åŠå°±æœªæŽˆæ¬Šã€æœªæŽˆæ¬Šã€æœªæŽˆæ¬Šâ‹¯â‹¯â‹¯èµ·ç¢¼è‡³å°‘æˆ‘ä¹Ÿæ˜¯èŠ±éŒ¢è½çš„ï¼Œå»é‚„è¦åŽ»æ”¾ç›œç‰ˆçš„ï¼Œæ˜¯ï¼Ÿï¼Ÿï¼Ÿ,7.10.60,4,4
è•ƒèŒ„èŠ­æ¨‚,WATCH,åœ–ç¤ºå¯ä»¥æ›å›žåŽŸä¾†çš„å—Ž ç¾åœ¨é€™å€‹ä¸å¤ªå¥½çœ‹,7.10.60,3,3
uccu99990,apple watch,"å¸Œæœ›å‚³é€æ­Œæ›²åˆ°apple watchæ™‚æœ‰å…¨é¸åŠŸèƒ½
ä¸€é¦–ä¸€é¦–æŒ‰è¦æŒ‰å¾ˆä¹…ï½ž",7.10.60,5,5
è¶…å¯¦ç”¨appðŸ‘,çŽ‹è²å‘¢ï¼Ÿ,"å°‘äº†å¥½å¤šå°ˆè¼¯ðŸ˜­
é‚£æˆ‘ä¹Ÿè¦æ‹‹æ£„KKäº†

ç‰ˆæ¬Šçš„å•é¡Œå¥½ä¹…â‹¯
æ²’æ­Œå¥½è½äº†ðŸ˜«",7.10.60,1,1
Andruw0819,èƒ½å¦æ–°å¢žä¸€äº›è¼ƒèˆŠçš„æ­Œ,"å…ˆçµ¦å°ç·¨5é¡†æ˜Ÿ
èƒ½å¦æ–°å¢žä¸€äº›æ­Œæ›²ï¼Œæœ‰çš„åªæœ‰åˆ¥äººçš„ç¿»å”±ç‰ˆæˆ–æ¼”å”±æœƒç‰ˆã€‚
ä¾‹å¦‚ï¼šä¿¡æ¨‚åœ˜çš„é›¢æ­Œã€è¶™å‚³çš„æˆ‘æ˜¯ä¸€éš»å°å°é³¥â€¦ç­‰ç­‰ã€‚",7.10.60,5,5
hskavu,å®¢æœäººå“¡å‹•ä½œå¾ˆæœ‰æ•ˆçŽ‡,æˆ‘ç•¶æ™‚èª¤åˆªæ­Œå–®ï¼Œå›žå ±å®¢æœå¾Œå…©å¤©ï¼Œå·¥ç¨‹å¸«å°±å‚³è¨Šæ¯èªªå·²æ¢å¾©ï¼Œé€™æ¨£çš„æ•ˆçŽ‡æˆ‘çµ¦äºˆæ»¿åˆ†ï¼,7.10.60,5,5
ð™ƒð™¤ð™˜ð™ ,è«‹å•,ä¸çŸ¥é“æ˜¯æ‰‹æ©Ÿé‚„æ˜¯appçš„å•é¡Œæ’­æ”¾éŸ³æ¨‚é€€å‡ºappè¦åšè‡ªå·±çš„äº‹æƒ…çš„æ™‚å€™å°±ä¸èƒ½æ’­æ”¾äº†,7.10.60,4,4
å¤æ›‰æ›¦,æ¡Œé¢å°å·¥å…·,"é€™è©•åˆ†çœŸçš„å®Œå…¨é‡å°å°å·¥å…·ï¼Œå…¶ä»–åŠŸèƒ½éƒ½æ²’å•é¡Œ
IOS14å‰›å‡ºçš„æ™‚å€™æˆ‘å°±å¾ˆæœŸå¾…ä½ å€‘å‡ºæ¡Œé¢å·¥å…·äº†
çµæžœå‰›å‰›çœ‹åˆ°çµ‚æ–¼æœ‰æ›´æ–°ï¼ŒåŽŸæœ¬å¾ˆæœŸå¾…ï¼Œæ–°å¢žå®Œå°å·¥å…·å»ç™¼ç¾æ ¹æœ¬ä¸æ˜¯ä¸€èˆ¬äººéœ€è¦çš„æ’­æ”¾æš«åœè·³æ­Œç”¨çš„å°å·¥å…·ï¼ŒçœŸçš„æœ‰å¤±æœ›åˆ°ï¼Œæ‰€ä»¥éžå¸¸å¸Œæœ›æ—¥å¾Œå¯ä»¥æœ‰ç›¸é—œåŠŸèƒ½",7.10.60,3,3
Wifiæ˜¯æ€Žæ¨£,éŸ³æ¨‚ç„¡æ³•æ”¾å‡ºè²éŸ³ æ’è€³æ©Ÿæ‰èƒ½è½,"ç„¡æ³•æ­£å¸¸ç”¨æ‰‹æ©Ÿæ”¾å‡ºè²éŸ³ åˆªé™¤è»Ÿé«”é‡æ–°ä¸‹è¼‰ä¹Ÿä¸€æ¨£
åªèƒ½æ’è€³æ©Ÿè½éŸ³æ¨‚ æˆ‘æ‰‹æ©Ÿå…¶ä»–éŸ³æ¨‚æˆ–éˆ´è²éƒ½æ­£å¸¸å¯ä»¥ç”¨æ‰‹æ©Ÿæ”¾å‡ºä¾† è«‹å¹«å¿™æ‰¾å‡ºåŽŸå› è§£æ±ºè¬è¬",7.10.60,5,5
Yorktsao,Widget,Widgetæœ¬ä¾†ä¸æ˜¯é¡¯ç¤ºæ­Œè©žå¥½å¥½çš„ã€æ€Žéº¼è®ŠæˆæŽ¨æ’­æ–°æ­Œã€é€™æ¨£åŠŸèƒ½æœ‰å•¥å¿…è¦å‘¢ã€æ¯”èµ·æ­Œè©žä¾†èªªæ˜¯é›žè‚‹,7.10.60,2,2
åˆ¥å†è¦–è¨Šäº†,Ios 14ä»‹é¢ä¸€ç›´è·‘æŽ‰,"iOSçš„ä»‹é¢æœƒä¸€ç›´è·‘æŽ‰å¾ˆæƒ±äºº
ä¸Šæ–¹æœƒè¶…å‡ºæ•´å€‹èž¢å¹•",7.10.60,3,3
LevyHung,è«‹æŠŠæ­Œæ‰‹é›»å°åŠŸèƒ½åŠ å›žä¾†,"å–œæ­¡æŸå€‹æ­Œæ‰‹ï¼Œæƒ³è½è·Ÿé€™å€‹æ­Œæ‰‹é¡žä¼¼æ›²é¢¨çš„æ­Œæ›²ã€‚ä»¥å‰é»žé›»å°å°±æœ‰ï¼Œéžå¸¸å¥½ç”¨ã€‚

è«‹æŠŠé€™å€‹åŠŸèƒ½åŠ å›žä¾†ï¼Œè©•åˆ†å°±æœƒæ”¹å›žäº”é¡†æ˜Ÿï¼Œè¬è¬ã€‚",7.10.60,3,3
å¤c,ç™»å…¥å•é¡Œ,æˆ‘å·²ç¶“çºŒç´„æŒ‰å¸³è™Ÿå¯†ç¢¼ç™»å…¥ä½†appèªªæˆ‘ç´„æ»¿ï¼Œè«‹æˆ‘æ˜¯å¦è¦çºŒç´„ï¼Œä¹‹å¾Œé‡æ–°ä¸‹è¼‰appæ‰è§£æ±ºå•é¡Œçš„åªæ˜¯è¦ºå¾—ç‚ºä»€éº¼è³‡è¨Šæ²’æœ‰åŒæ­¥å‘¢ï¼,7.10.50,4,4
æŸè˜˜,å¥½å¤šæ­Œæ›²å·²ç¶“æ²’è¾¦æ³•è½äº†,"é‚„æ»¿æƒ‹æƒœçš„ï¼æˆ‘ä¸å¤ªæ¸…æ¥šç‰ˆæ¬Šçš„æ–¹é¢ï½žé‚„æ˜¯æœ‰é»žå¸Œæœ›æœªä¾†é‚£äº›æ­Œæ›²èƒ½å¤ å›žä¾†ã€‚é›–ç„¶è²´è»Ÿé«”éœ€è¦æ¯å€‹æœˆä»˜è²»ï¼Œä½†æ˜¯ç´”æ­£çš„æ­£ç‰ˆä¸¦ä¸”æ­Œæ›²è±å¯Œå¤šå…ƒï¼æ”¶è²»ä¹Ÿæ˜¯å¹³åƒ¹è¦ªæ°‘ï½žå¾ˆç¿’æ…£ä½¿ç”¨ä½ å€‘è»Ÿé«”äº†(Â´ï½¥Ï‰ï½¥`)
å¯æ˜¯å•Šä½ å€‘èƒ½ä¸èƒ½ä¸è¦ä¸€ç›´å«äººæ›´æ–°å•Šï¼Œæ›´æ–°å°±è¦é€£æŽ¥WIFIè¶…éº»ç…©ï¼æˆ‘å¾ˆæ‡¶â‹¯â‹¯",7.10.50,5,5
æ¯éºµè¶…äºº,éžå¸¸å¥½ç”¨,éžå¸¸å¥½ç”¨,7.10.50,5,5
paella_,æ›´æ–°å¾Œçš„å•é¡Œ,æ›´æ–°å¾Œæ‰“é–‹kkboxæœƒç•¶æ©Ÿã€è½æ­Œæœƒé–ƒé€€ ä¸çŸ¥é“æ˜¯ä»€éº¼åŽŸå› ï¼Ÿ,7.10.50,4,4
é˜¿è¯æ¬¸,éŸ³è³ª,éŸ³è³ªæ„Ÿè¦ºä¸å„ªæœ‰å¾…åŠ å¼·,7.10.50,4,4
æˆ‘æ˜¯Ipad2 air,é«˜ä¸­ç”¨åˆ°å‡ºç¤¾æœƒ,æ’­æ”¾æ¨¡å¼å¸Œæœ›æœ‰DJæ¨¡å¼ï¼ŒåŠŸèƒ½å°±æ˜¯è‡ªå·±æŽ’æ­Œæ’­æ”¾é †åºï¼Œç¾éšŽæ®µéƒ½è¦å®ˆåœ¨æ’¥ä¸‹ä¸€é¦–ï¼Œç‰¹å®šç”¨æ­Œå–®å·²ç¶“æœ‰åå¹¾æœ¬æ­Œå–®é‚„æ˜¯æ²’è¾¦æ³•ç”¨åˆ°ã€‚,7.10.50,5,5
æ£˜æ˜Ÿ,å¾ˆå¤šæ­Œæ›²ã„‰ã„¡ã„‡ã„Ÿã„§,å¾ˆå¤šæ­Œæ›²æƒ³è½éƒ½æ²’æœ‰,7.10.50,3,3
è¾é¨Žå£«,æ›´æ–°14å¾Œã€‚ç•«é¢éƒ½æœƒå¾€ä¸Šç§»ã€‚,"è‡ªå¾žæ›´æ–°äº†ios14. å¾Œã€‚ç•«é¢éƒ½æœƒè‡ªå·±å¾€ä¸Šç§»ã€‚

ä¸Šä¸€é çš„é¸é …è·Ÿå³ä¸Šçš„æ™‚é–“æœƒé‡ç–Šã€‚
æ­Œåå‰›å¥½åœ¨ç€æµ·è£¡é¢ã€‚

é€™æ¨£å¦‚ä½•ä½¿ç”¨å‘¢ï¼Ÿ

åæ‡‰ç¬¬ä¸‰æ¬¡äº†ã€‚
é‚„æ˜¯ç„¡æ³•è§£æ±ºã€‚",7.10.50,1,1
XIEZMAX,ðŸ‡¹ðŸ‡¼,æœ¬åœŸä¸²æµå“ç‰Œå¯ä»¥å’Œåœ‹éš›å“ç‰Œç«¶çˆ­å¯¦å±¬ä¸æ˜“ï¼Œç¹¼çºŒåŠ æ²¹,7.10.50,5,5
ios12.1.2,æ–°ç‰ˆä¸»é¡Œå¥½çœ‹ï¼,ä½†è¦åˆ†äº«æ­Œè©žåˆ°é™æ™‚å‹•æ…‹æ™‚ï¼Œé¸å®Œæ­Œè©žå¾Œçš„ã€Œåˆ†äº«ã€é¡è‰²è·Ÿä¸»é¡ŒéŽæ–¼ç›¸è¿‘æ‰€ä»¥æ„Ÿè¦ºå­—ä¸è¦‹äº†ï¼Œå¸Œæœ›å¯ä»¥ä¿®å¾©ï½ž,7.10.50,5,5
ã„“å‡,å¾ˆå–œæ­¡ä½†å¸Œæœ›æœ‰æ¡Œé¢æ­Œè©ž,è‡ªå·±æ˜¯å¾ˆå–œæ­¡çœ‹è‘—æ­Œè©žå­¸å”±æ­Œï½ž å¸Œæœ›åœ¨ä½¿ç”¨å…¶ä»–ç¨‹å¼æ™‚å¯ä»¥æœ‰æ¡Œé¢æ­Œè©žä½¿ç”¨ï½žè¬è¬ðŸ™,7.10.50,5,5
toro1074,ç¾æ­£æ’­æ”¾æ¸…å–®,è«‹å•ä½•æ™‚å¯ä»¥éš¨æ™‚åŠ æ­Œåˆ°ç¾æ­£æ’­æ”¾æ¸…å–®çš„é¸é …ï¼Ÿæ¯æ¬¡æƒ³è¦è©¦è½éƒ½è¦å»ºç«‹æ­Œå–®å¥½éº»ç…©,7.10.50,5,5
è’™é‡‡å½¤,å¸Œæœ›æ”¹å–„ï¼,"å¸Œæœ›é›¢ç·šæ­Œæ›²çš„æŽ’åˆ—é †åºå¯ä»¥è‡ªå·±æ±ºå®šï¼

æ›´æ–°å®Œä¹‹å¾Œæœ‰æ™‚å€™æ­Œè©žæœƒå¡ä½ä¸æœƒå¾€ä¸‹å‹•",7.10.50,4,4
dennis277485857383,ä»‹é¢é¡¯ç¤ºæœ‰éšœç¤™,åªè¦è·³å‡ºåŽ»å†è·³é€²ä¾†ï¼Œç•«é¢å°±æœƒè¢«åˆ‡åˆ°ï¼Œæœ‰äº›åœ°æ–¹å°±ä¸èƒ½é»žï¼Œä½¿ç”¨ä¸Šå¾ˆæœ‰éšœç¤™,7.10.50,3,3
é™³æ›œè¯,æ–°çš„iconå¾ˆé†œ,å¦‚ä¸Š,7.10.50,1,1
èšŠä»”,ç„¡æ³•é€£æŽ¥Chromecast,å¦‚é¡Œâ˜ðŸ¼,7.10.50,5,5
Rainbye,æ°¸ä¸åœæ­‡,"KKBOXæ˜¯æˆ‘çœ‹éŽæœ€æ³¨é‡æå‡ä½¿ç”¨é«”é©—çš„App
è¨˜å¾—ä»¥å‰KKBOXæ‰‹æ©Ÿç‰ˆä¸èƒ½çœ‹æœ€è¿‘æ’­æ”¾çš„æ­Œ
ç•¶æ™‚æˆ‘åŽ»ä¿¡å®¢æœå»ºè­°é€™ä»¶äº‹
éŽäº†å¥½ä¸€é™£å­æŸå¤©çªç„¶å°±è¹¦å‡ºäº†é€™å€‹åŠŸèƒ½
èº«ç‚ºKKBOXçš„ç”¨æˆ¶æˆ‘å¾ˆé©•å‚²",7.10.50,5,5
Circle Ma,ç¡çœ é—œé–‰,ç‚ºä½•ç¡çœ æ™‚é–“é—œé–‰äº†ï¼Ÿé€™æ¨£è®“ä»»å¾ˆå›°æ“¾ï¼Œç¡å‰æƒ³è½æ­Œéƒ½ç„¡æ³•ï¼Œå¸Œæœ›èƒ½æ¢å¾©ðŸ™ðŸ»,7.10.50,3,3
Leo_chir,è«‹å•æ˜¯æœ‰æ¯›ç—…å—Žï¼Ÿ,åŠå¤œå…©ä¸‰é»žåœ¨æŽ¨æ’­è¨Šæ¯ï¼Œåˆ¥äººéƒ½ä¸ç”¨ç¡è¦ºï¼Ÿ,7.10.50,1,1
ä¿¡ä»”å¾—æ°¸ç”Ÿ,20201015 CarPlayé¡¯ç¤ºæœ‰å•é¡Œ,"20201015æ›´æ–°å¾Œï¼ŒCarPlayè»Šè¼‰èž¢å¹•ä¸Šï¼ŒKKBOX APPé»žé€²åŽ»ï¼Œä»‹é¢é¡¯ç¤ºç›´æ’­ä¸²æµå››å€‹å­—ï¼ˆç°åº•ï¼‰ã€‚
å®Œå…¨æ²’æœ‰é¡¯ç¤ºæ­£åœ¨æ’­æ”¾çš„æ­Œæ›²æˆ–å°ˆè¼¯åœ–ç‰‡ç´°é …è³‡è¨Šã€‚

ä½†carplayä¸»ç•«é¢å³ä¸‹è§’æ’­æ”¾ä»‹é¢å‰‡é¡¯ç¤ºæ­£å¸¸ã€‚

ä¸Šæ¬¡æ›´æ–°çš„ç²‰çµ²å¾½ç« ä¹Ÿå¾ˆæœ‰äº‹ï¼Œé¡¯ç¤ºåœ¨é‚£é‚Šçœ‹ä¸æ‡‚è¦å¹¹å˜›ã€‚

KKç”¨å¾ˆä¹…äº†ï¼Œé‚„æ˜¯çµ¦ä½ äº”é¡†æ˜Ÿï¼Œå†ä¸æ”¹å¥½ä¸€é»žè¦è·³Appleäº†ï¼ŒåŠ æ²¹ï¼",7.10.50,5,5
å·¨é ­äºº,æ–°ä»‹é¢,"æ›´æ–°å¾Œæ–°ä»‹é¢ä¸Šä¸‹è—è‰²å¥½é†œ æ˜å€’
å¯ä»¥ä¸è¦é€™éº¼åˆºçœ¼å—Ž",7.10.50,3,3
Dara Zeng,æ”¹ç‰ˆå•é¡Œ,æ”¹ç‰ˆå¾Œæ’­æ”¾éŸ³æ¨‚éƒ½æœƒæ–·æ–·çºŒçºŒ,7.10.50,3,3
äº®è“é™³,æ­Œè©žèªé¤Šå•é¡Œ,åŽŸæœ¬ä¸Šä¸€æ¬¡çš„æ›´æ–°ï¼Œæœƒé¡¯ç¤ºèªé¤Šæ­Œè©žçš„äººï¼Œé€™ä¸€æ¬¡æ›´æ–°å®Œå¾Œå°±æ²’æœ‰äº†ï¼Œå¸Œæœ›å¯ä»¥æ¢å¾©æ­¤åŠŸèƒ½ï¼Œè¬è¬ã€‚,7.10.50,4,4
é™¸å€†,æ¯é¦–æ­ŒéŸ³é‡ä¸åŒ,å·²ç¶“ç”¨äº†å¾ˆå¤šå¹´ï¼Œä½†è¿‘æœŸè½éŸ³æ¨‚æ¯é¦–æ­ŒéŸ³é‡éƒ½æ²’å¹³è¡¡ï¼ŒéŸ³é‡å¿½å¤§å¿½å°çš„å°è€³æœµé€ æˆä¸é©ï¼Œè«‹æ”¹å–„å¥½å—Žï¼Ÿä¸€å€‹ä»˜è²»è»Ÿé«”è¶Šåšè¶Šå·®â‹¯â‹¯å†ä¸è¡Œå°±åªå¥½æ›åˆ¥çš„è½æ­Œè»Ÿé«”äº†,7.10.50,2,2
å¾ˆè€çŽ©çš„éŠæˆ² ä¸éŒ¯,ä½¿ç”¨å¤šå¹´çš„è½æ­Œè»Ÿé«”,å¸Œæœ›æŽˆæ¬Šæ™‚é™åˆ°çš„æ­Œæ›²éƒ½èƒ½é‡æ–°ä¸Šæž¶å¾Œè‡ªå‹•å›žåˆ°æ­Œå–®,7.10.50,5,5
uhkgddc,ç„¡æ³•ä¸Šå‚³æ­Œæ›²åˆ°Apple watch S6??,Why?,7.10.40,3,3
Imalba,æ­Œå–®è‡ªå‹•åŒæ­¥ç„¡æ³•é—œé–‰,ç‚ºä½•è¦å¼·åˆ¶æ­Œå–®å¿…é ˆè‡ªå‹•åŒæ­¥ï¼Ÿä¸åŒè£ç½®çš„ä½¿ç”¨æ¨¡å¼ã€è½å–æ­Œçš„é¡žåž‹ä¸ä¸€ï¼Œä½¿ç”¨è€…å¦‚æžœæœ‰éœ€è¦å°±æœƒé–‹å•Ÿï¼Œä¸éœ€è¦ç³»çµ±å¹«å¿™æ•´åˆæ‰€æœ‰çš„æ­Œå–®ï¼Œåªæœƒé€ æˆä½¿ç”¨è€…å›°æ“¾è€Œå·²å“¦ï¼å¸Œæœ›èƒ½æœ‰é—œé–‰å‹•åŒæ­¥åŠŸèƒ½å•¦ï½ž,7.10.40,3,3
SHY_Shrimp,æ­Œå–®æ­Œæ›²æŽ’åº,å¸Œæœ›å¯ä»¥è‡ªè¡Œç·¨è¼¯æ­Œæ›²æŽ’åˆ—é †åºï¼Œè€Œä¸æ˜¯åªæœ‰åˆ¶å¼çš„ç­†ç•«æ­Œæ‰‹ä¹‹é¡žçš„å¯é¸,7.10.40,3,3
zhi syuan,å¾ˆç•¶,å¦‚é¡Œ,7.10.40,3,3
Huhu5555,é›»å°åŠŸèƒ½,å¾ˆå–œæ­¡é›»å°åŠŸèƒ½ï¼Œå¸Œæœ›ä¹‹å¾Œé‚„èƒ½æœƒæœ‰,7.10.40,3,3
åŽ»ä½ çš„ç«¥è©±,è˜‹æžœXR XS èž¢å¹•å…¨å±å•é¡Œ,åœ¨é¡¯ç¤ºä¸Šæœ‰æ™‚æœƒç™¼ç”Ÿä¸Šä¸€é è·‘åˆ°æ™‚é–“ä¸Šï¼Œä¹Ÿå°±æ˜¯èªªæ•´é«”è®Šå¤§äº†ï¼Œå°Žè‡´ä¸èƒ½æŒ‰ä¸Šä¸€é ï¼Œå¦‚æ­¤ä¸€ä¾†è¦æ•´å€‹é—œæŽ‰å†é‡é–‹ï¼Œé€™æ¨£æ„Ÿè¦ºå¾ˆå·®ï¼Œå¸Œæœ›é–‹ç™¼è€…èƒ½å¤ é‡è¦–é€™å€‹å•é¡Œ,7.10.40,1,1
Allertggdba,ç‰ˆé¢ç•°å¸¸,ç‰ˆé¢ä¸€ç›´è·³æŽ‰ï¼Œæ²’è¾¦æ³•æŒ‰å›žä¸Šä¸€é ï¼Œç®­é ­è·‘åˆ°æ‰‹æ©Ÿæ™‚é–“çš„åœ°æ–¹,7.10.40,3,3
å“ˆå“ˆðŸ˜„æ£’æ£’,éŸ³æ¨‚æƒ³è¦åŒæ­¥,è·Ÿå®¶äººçš„KKBOXç„¡æ³•åŒæ­¥æ­Œå–®ï¼Œè«‹å•è¦å¦‚ä½•èƒ½ä¸€èµ·åŒæ­¥æ­Œå–®å‘¢ï¼Ÿ,7.10.40,4,4
JaxðŸ’©ðŸ’©,é‚„å¥½éŒ¯èª¤ä¿®æ­£ä¸ç®—æ…¢,å¥½å¤šæ­Œå› ç‚ºç‰ˆæ¬Šé‚„æ˜¯æ‰£åˆ†,7.10.40,4,4
äººæ±½è»ŠðŸš—,æ²’æœ‰æ­Œæ›²è¾¨è­˜,æ›´æ–°ä¹‹å¾Œæ²’æœ‰æ­Œæ›²è¾¨è­˜çš„åŠŸèƒ½äº†,7.10.40,1,1
é‚è–‡çˆ¾,ç¡çœ è¨ˆæ™‚æ’­æ”¾ä¸è¦‹äº†,æˆ‘æ¯å¤©ç¡å‰éƒ½éœ€è¦è¨ˆæ™‚æ’­æ”¾ æ›´æ–°å¾Œå°±ä¸è¦‹äº†ï¼Œå¸Œæœ›èƒ½æ›´æ”¹å›žä¾†ï¼Œè¬è¬,7.10.40,1,1
ç‰›è‚‰èµ·å¸å ¡,éŸ³æ¨‚è½åˆ°ä¸€åŠéƒ½æœƒè‡ªå·±æ–·æŽ‰,è½éŸ³æ¨‚åˆ°ä¸€åŠéƒ½æœƒè‡ªå‹•æ–·æŽ‰ï¼Œæ²’æœ‰è¨­å®šåˆ°ä½†é‚„æ˜¯æœƒè‡ªå·±é—œæŽ‰ï¼,7.10.40,1,1
å¤ªç†±æ’•,è¦éŒ¢é‚„ä¸€å †å•é¡Œ,ä¸€å †æ­Œæ›²å› ç‚ºç‰ˆæ¬Šå•é¡Œéƒ½ä¸èƒ½è½ï¼Œç„¶å¾Œéƒ½éŽäº†ä¸çŸ¥é“å¤šä¹…é‚„æ˜¯æ²’ä¸Šæž¶ã€‚éƒ½å·²ç¶“æ˜¯è¦ä»˜è²»äº†é‚„é€™æ¨£ï¼Œåªæœƒè®“äººæƒ³è½‰æˆ°åˆ¥çš„éŸ³æ¨‚APP,7.10.40,1,1
1317361828492,chromecast,å»ºè­°å¯ä»¥æ›´æ–°æˆæ”¯æ´chromecast,7.10.40,4,4
å‚é“ç²‰,æ­Œè©žæ–¹é¢çš„å»ºè­°,"å»ºè­°å¤–åœ‹æ­Œæ›²ï¼Œåƒæ˜¯æ—¥éŸ“æ–‡çš„åŽŸæ–‡æ­Œè©žä¸‹
éƒ½å¯ä»¥é™„æœ‰ä¸­æ–‡æ­Œè©ž
ç™¼ç¾åªæœ‰å°‘æ•¸æ­Œæ›²é™„æœ‰ä¸­æ–‡æ­Œè©žï¼Œé€™æœ‰é»žå¯æƒœ
åŸºæœ¬ä¸Šæ˜¯å€‹å¥½çš„éŸ³æ¨‚ç¨‹å¼ï¼Œè¾›è‹¦äº†â˜ºï¸",7.10.40,5,5
è”¡æ²…å£•,æ–·è¨Š,è½ä¸€è½å°±æ–·è¨Šå¾ˆç…©é¤’ æ›´æ–°ä¸€ä¸‹å¥½ä¸å¥½ åˆä¸æ˜¯æ²’ç¹³éŒ¢,7.10.40,5,5
chiahuaccc,ç¡çœ å®šæ™‚åŠŸèƒ½å¥½é‡è¦,"æ‰¾åˆ°ç¡çœ å®šæ™‚åŠŸèƒ½äº†ï¼å¥½æ„Ÿå‹•ï¼
è®Šæ›´æ–¹ä¾¿ï¼
åœ¨æ’­æ”¾é é¢å³ä¸Šè§’çš„â‹¯è£¡é¢
è¬è¬kkbox",7.10.40,5,5
more0467,ç„¡æä»€éº¼æ™‚å€™æ‰è¦çµ¦IOSçš„ä½¿ç”¨ï¼Ÿ,å·®åˆ¥å¾…é‡,7.10.40,1,1
Shinyicheng,æ­Œè©žå›žå ±,"1.æ–°å¢žçš„æ­Œè©žéŒ¯èª¤å›žå ±åŠŸèƒ½è¦æ€Žéº¼ç”¨ï¼Ÿ
2.æœå‹™ä¸­å¿ƒçš„ä»‹é¢ç„¡æ³•ç”¨KKIDé€²å…¥",7.10.40,5,5
lai h.c.,æƒ³æå•ðŸ™‹ðŸ»â€â™€ï¸,å°ç·¨è«‹å•ç¾åœ¨ä¸èƒ½æäº¤æ­Œæ›²äº†å—ŽðŸ˜­,7.10.40,5,5
paula ida,å¸Œæœ›å¯ä»¥å¡«åŠ æ–°åŠŸèƒ½,"å¸Œæœ›åœ¨æ­£åœ¨æ’­æ”¾æ­Œæ›²çš„é é¢å¯ä»¥å¢žåŠ åˆªé™¤éµ
é•·æœŸä½¿ç”¨KKBOXå…¨éƒ¨æ­Œæ›²å¯¦åœ¨å¤ªå¤šé¦–
ä¸æ•¢å…¨éƒ¨åˆªé™¤ åˆç„¡åŠ›ä¸€é¦–ä¸€é¦–è½éŽå†æ±ºå®šåŽ»ç•™
å¦‚æžœç›´æŽ¥åœ¨æ­£åœ¨è½çš„é é¢åˆªé™¤å¯¦åœ¨æ˜¯æœƒæ–¹ä¾¿å¾ˆå¤š
æ•´ç†å¤§é‡æ­Œæ›²å¯¦åœ¨æ›´ä¾¿åˆ© è¬è¬",7.10.40,5,5
è«‹çµ¦æˆ‘æ­£ç•¶å›žæ‡‰,å¥½æ±è¥¿,çœŸçš„è©¦éŽå¾ˆå¤šéŸ³æ¨‚å¹³å°ï¼Œä¾ç„¶é‚„æ˜¯å›žåˆ°KKboxæœ€ç†Ÿæ‚‰çš„åœ°æ–¹,7.10.32,5,5
Weily0427,é‚„æˆ‘å®šæ™‚é—œé–‰åŠŸèƒ½,æˆ‘ç¡è¦ºéœ€è¦éŸ³æ¨‚ï¼ï¼ï¼,7.10.32,1,1
Pei lune,ç¡çœ å®šæ™‚ä»¥ç‚ºä¸è¦‹äº†,"æ›´æ–°ä¹‹å¾Œä»¥ç‚ºç¡çœ å®šæ™‚ä¸è¦‹äº†ï¼Œå¾Œä¾†æ‰¾ä¸€ä¸‹ç™¼ç¾åœ¨æ­Œæ›²æ’­æ”¾ç•«é¢å³ä¸Šè§’ã€Œâ‹¯ã€
ä¸ç”¨è·‘è¨­å®šè£¡æ‰¾äº†ï½žï½žï½ž",7.10.32,4,4
i11prov,æ‰“ä¸é–‹ï¼š(,"iPhone 11 pro 
iOS 13.2.3
æ›´æ–°APPå¾Œå°±æ‰“ä¸é–‹äº†",7.10.32,3,3
Ericaaaaa1284596,å®šæ™‚é—œé–‰å‘¢ï¼Ÿ,æ›´æ–°ä¹‹å¾Œæ€Žéº¼æ²’æœ‰å®šæ™‚é—œé–‰åŠŸèƒ½äº†ï¼Ÿï¼Ÿ,7.10.32,5,5
@$ï¼Ÿï¼/-ï¼šï¼‰,ä¸€ä¸‹å­æ²’æ›´æ–°å°±ç›´æŽ¥å¡ä½ä¸èƒ½ç”¨æ˜¯æ€Žæ¨£,å¾ˆæ•…æ„æ¬¸,7.10.32,3,3
Biebiebiebie,æŽ¨è–¦æ­Œæ›²çš„åŠŸèƒ½æœ‰å¾…æ”¹å–„,è½å®Œå–®ä¸€æ­Œæ›²ä¹‹å¾Œçš„ç³»çµ±è‡ªå‹•æŽ¨è–¦é¸æ­ŒçœŸçš„å¾ˆä¸ç¬¦åˆè†è½è€…çš„å–œå¥½è·Ÿå“å‘³ï¼ˆä¾‹å¦‚è½å®Œç¨ç«‹æ°‘è¬ ä¹‹å¾Œç³»çµ±ç«Ÿç„¶æŽ¨è–¦80å¹´ä»£è¯éº—æ–æ»¾ï¼‰æ‰ç”¨äº†å¹¾å¤©ï¼Œå°±å·²ç¶“æƒ³æ›æˆå…¶ä»–å¹³å°äº†ï¼Œæ¼”ç®—æ³•çœŸçš„ä¸å¤ªå¼·ã€‚,7.10.32,3,3
ssakenn,ç¡çœ ,ç‚ºä»€éº¼ç¡çœ å€’æ•¸ä¸è¦‹äº†,7.10.32,1,1
SandraChen1983,å¥½ç”¨ï½ž,æ–¹ä¾¿å¥½ç”¨çš„æ’­æ”¾è»Ÿé«” æŽ¨è–¦å”·ï½ž,7.10.32,5,5
crtying,ç‚ºä»€éº¼æ›´æ–°å¾Œå®šæ™‚ä¸è¦‹äº†ï¼Ÿ,æƒ³èªªæœ‰å®šæ™‚å¾ˆæ–¹ä¾¿ï¼Œç¡è¦ºæ™‚ä¹Ÿå¯ä»¥æ”¾ï¼Œä½†ç¾åœ¨å»ä¸è¦‹äº†â‹¯å¯ä»¥æ–°å¢žå›žä¾†å—Ž,7.10.32,3,3
psjdhxuem,å®šæ™‚åŠŸèƒ½,å¸Œæœ›å¯ä»¥æ¢å¾©å®šæ™‚åŠŸèƒ½,7.10.32,1,1
sw10333,è¨‚æ™‚åŠŸèƒ½ä¸è¦‹äº†,è¨‚æ™‚çš„åŠŸèƒ½æ‰¾ä¸åˆ°äº† å¥½å¥‡æ€ª...,7.10.32,5,5
é™³å­Ÿå“²,å®šæ™‚,æ€Žéº¼æ²’æœ‰å®šæ™‚é—œé–‰äº†ï¼Ÿ,7.10.32,4,4
Kshfbjeisj,ä¸‹è¼‰çš„æ­Œæ›²ä¸€ç›´ä¸è¦‹æ˜¯æ€Žæ¨£ï¼Ÿ,æžä»€éº¼å•Š,7.10.32,1,1
æˆ‘æ‰“ä»€éº¼æš±ç¨±éƒ½èªªè¢«ä½¿ç”¨é‚„è®“ä¸è®“æˆ‘ç™¼è©•è«–,è€—é›»,ç‚ºä»€éº¼æœ€è¿‘åªé–‹KKBOX æ²’é–‹åˆ¥çš„è€—é›»éƒ½å¾ˆå…‡è€Œä¸”æ‰‹æ©Ÿé‚„ç™¼ç‡™ï¼Œä»¥å‰æ²’æœ‰é€™æ¨£å•Š,7.10.32,4,4
æ´ªé”é£›,å®šæ™‚é—œé–‰åŠŸèƒ½,"èƒ½ä¸èƒ½æŠŠå®šæ™‚é—œé–‰åŠŸèƒ½é‚„æˆ‘ðŸ˜­
æ²’æœ‰é‚£å€‹åŠŸèƒ½çœŸçš„å¾ˆä¸æ–¹ä¾¿",7.10.32,5,5
zxctom,å®šæ™‚,ä¹‹å‰æœ‰å®šæ™‚æ•ˆæžœçµæžœç¾åœ¨æ‰¾ä¸åˆ°é€™å€‹æ•ˆæžœ è©²æ€Žéº¼è¾¦,7.10.32,5,5
Jsjdkwnxidnwhdmd,ç…©,é€¼åˆ¥äººä¸€å®šè¦æ›´æ–°ç…©æ­»äº†,7.10.32,1,1
é˜é˜é˜é˜é˜,å®šæ™‚æ’­æ”¾,æ›´æ–°å®Œå°±æ‰¾ä¸åˆ°å®šæ™‚æ’­æ”¾äº†ï¼Ÿï¼Ÿï¼Ÿï¼Ÿå¯ä»¥æ¢å¾©å—Žï½žï½žðŸ™ðŸ™ðŸ™,7.10.32,5,5
cmcnvandlg eir,ç¡çœ æ¨¡å¼ä¸è¦‹äº†ï¼,å¿«æŠŠç¡çœ æ¨¡å¼é‚„æˆ‘å•Šï¼æ²’éŸ³æ¨‚æˆ‘æ²’è¾¦æ³•ç¡è¦ºå•Šï¼ï¼ï¼ï¼ï¼,7.10.32,5,5
nai021,éŸ³æ¨‚è¾¨è­˜,å·²ç¶“åˆ°ã€Œç™¼ç¾ã€ å³ä¸Šè§’é‚„æ˜¯æ²’æœ‰éŸ³æ¨‚è¾¨è­˜,7.10.32,3,3
é¨™äººçš„æŠŠæˆ²,ä¸€ç›´é–ƒé€€,è¦äººå„²å€¼è¨Šæ¯ä¸€ç›´å‚³ï¼Œå„²å€¼äº†ï¼Œæ‰¾å€‹æ­Œä¸€ç›´é–ƒé€€ðŸ˜¡ðŸ˜¡ðŸ˜¡ï¼Ÿç¾åœ¨æ˜¯ä»€éº¼æƒ…æ³ï¼Ÿ,7.10.32,1,1
echubmw,16bits CD éŸ³è³ªï¼Ÿï¼,å‰›å‰›æ”¶åˆ°çš„ç°¡è¨Šï¼šKKBOX Hi-Fi éŸ³è³ªæŽ¡ç”¨ 16bit/44.1Khz æˆ– 16bit/48Khz å–æ¨£çŽ‡ çš„ FLAC éŸ³æª”æ ¼å¼ï¼Œç­‰åŒæ–¼ CD çš„ç´°è†©éŸ³è³ªï¼Œ å…¨é¢æå‡ä½ çš„éŸ³æ¨‚è†è½å±¤æ¬¡æ„Ÿã€‚  ä½†æ˜¯appéŸ³è³ªè£¡é¢ï¼Œæ²’æœ‰é€™å€‹é¸é …ã€‚,7.10.32,3,3
lriu,å¾ˆæ£’,è¶Šä¾†è¶Šå¥½ç”¨äº†ï½ž,7.10.32,5,5
I_am_Joanna,ç¡çœ å®šæ™‚åŠŸèƒ½åªæ˜¯æ›ä½ç½®äº†,å¤§å®¶å¯ä»¥æ»‘ä¸€ä¸‹ä¸‹é¢è©•è«–çš„å›žè¦†ï¼Œç¡çœ å®šæ™‚åŠŸèƒ½åªæ˜¯æ›äº†ä½ç½®ã€‚,7.10.32,5,5
æ¾è…³,è¨­å®šå•é¡Œ,"è«‹å•ç‚ºä½•æ›´æ–°å¾Œåœ¨è¨­å®šè£¡æ‰¾ä¸åˆ°è¨­å®šé—œé–‰çš„æ™‚é–“
ç¡è¦ºå‰éƒ½æœƒç”¨çš„ ç¾åœ¨å»æ‰¾ä¸åˆ°å¥½å›°æ“¾ï¼",7.10.32,2,2
"WU,JK",ç‚ºä»€éº¼è¦å–æ¶ˆå€’æ•¸è¨ˆæ™‚å™¨,å€’æ•¸è¨ˆæ™‚å™¨å¾ˆå¯¦ç”¨å•Šï¼Œå¸Œæœ›åŠ å›žä¾†,7.10.32,4,4
ç†¾èƒ¤,ç‰½çµ²æˆ² æ˜¯éŠ€è‡¨å”±çš„,ä¸æ˜¯æœ¨åŠå°‘å¹´å•Šâ‹¯â‹¯æˆ‘æƒ³è¦éŠ€è‡¨çš„ç‰ˆæœ¬,7.10.32,5,5
é­”è¡“è‹“,ç¡çœ æ¨¡å¼å¿«å›žä¾†,ã€‚,7.10.32,1,1
è˜‡çŽ—,ç‚ºä»€éº¼æ²’æœ‰ç¡çœ å®šæ™‚æ’­æ”¾ï¼ï¼ï¼ï¼Ÿ,"æˆ‘å¿˜äº†é€™å€‹åŠŸèƒ½ç¢ºåˆ‡åå­—æ˜¯ä»€éº¼ï¼Œä½†æˆ‘å¾ˆæ„›ç”¨é€™å€‹åŠŸèƒ½ï¼æˆ‘è¦è½æ­Œç¡è¦ºéƒ½æœƒé–‹é€™å€‹ä¾†å®šæ™‚ï¼Œé€™å€‹åŠŸèƒ½æ‰¾ä¸åˆ°äº†é‚£æˆ‘å¹¹å˜›é‚„è¦ç”¨KKBOX ä¾†è½æ­Œï¼Œå¥½æ‚²å‚·æ¬¸ï¼ï¼ï¼ï¼ï¼ï¼

æ‹œè¨—å‘Šè¨´æˆ‘ï¼Œé€™æ˜¯æˆ‘æ‰‹æ©Ÿå•é¡Œé‚„æ˜¯çœŸçš„æŠŠé€™å€‹åŠŸèƒ½æ‹¿æŽ‰äº†ï¼Ÿï¼Ÿï¼Ÿï¼Ÿ
æ„Ÿè¬ à²¥_à²¥",7.10.32,5,5
oooooocyfjys,è¨ˆæ™‚å™¨,æ›´æ–°å¾Œé€™åŠŸèƒ½æ˜¯ä¸æ˜¯è¢«ç§»é™¤äº†ï¼Œå¸Œæœ›å¯ä»¥åŠ å›žä¾†ï¼Œæœ‰æ™‚æƒ³è½è‘—éŸ³æ¨‚å…¥ç¡æœƒç”¨åˆ°ï¼Œå®šæ™‚ä¸€å€‹å°æ™‚é—œé–‰å¾ˆæ–¹ä¾¿ã€‚,7.10.32,4,4
kishajsnzjjznznaa,æ­Œæ›²æœ‰äº›æ²’æœ‰,å¸Œæœ›èƒ½æ”¹é€²,7.10.32,4,4
imaxyeh,æ’­æ”¾ç´€éŒ„è·¨è£ç½®åŒæ­¥é€™éº¼åŸºæœ¬çš„åŠŸèƒ½æ²’æœ‰å—Žï¼Ÿ,ï¼Ÿï¼Ÿï¼Ÿ,7.10.32,1,1
PPeiiiii,æ”¹å–„ä¸€ä¸‹æ‹œè¨—å•¦,æˆ‘æ ¹æœ¬æ²’ç¢°æ‰‹æ©Ÿä½†æ˜¯ä»–æœƒè‡ªå·±å¤§è²å°è²æš«åœåˆæ’­æ”¾ æ’­æ”¾éµæœ‰æ™‚å€™é‚„ä¸çµ¦æŒ‰ æŒçºŒå…©å¤©äº† çœŸçš„è »å¯æ€• æ‹œè¨—ç›¡å¿«è™•ç†è¬è¬äº†:(,7.10.32,1,1
eiidjrne,ç‰ˆåž‹ä¸åˆiphone11,ç‰ˆåž‹ä¸åˆiphone11,7.10.32,5,5
äº”ååµå¸¥å“¥,...,ç”¨é›»è…¦æ”¾ï¼Œè‡ªå‹•èª¿æ•´éŸ³é‡å¤§å°ä¹ŸæŒ‰äº†ï¼Œè²éŸ³å¿½å¤§å¿½å°é‚„æ˜¯å¾ˆåš´é‡ï¼Œæ˜Žæ˜Žå·²ç¶“å–æ¶ˆåœ¨æ”¶è—æ­Œæ›²çš„æ­Œå–®è£¡å»é‚„æ˜¯æœƒæ’­æ”¾åˆ°ï¼Œåˆ°åº•æ˜¯å“ªè£¡æœ‰å•é¡Œâ‹¯â‹¯,7.10.32,3,3
éœ€è¦è½æ­Œç¡è¦º,æ›´æ–°å¾Œç¡çœ è¨­å®šæ¶ˆå¤±äº†,æ›´æ–°å¾Œç¡çœ è¨­å®šæ¶ˆå¤±äº†ï¼Œé€™æ¨£æ‰‹æ©Ÿæ™šä¸Šè½æ­Œæœƒç„¡æ³•è‡ªå‹•é—œé–‰ï¼Œå¯ä»¥å”åŠ©é‚„åŽŸé€™å€‹è¨­å®šå—Žï¼ŸðŸ˜­,7.10.32,4,4
ã… ã… ë„ˆì˜¿ëŽŒì €,æ›´æ–°å¾ŒåŠŸèƒ½æ¶ˆå¤±,å¸Œæœ›å®šæ™‚åŠŸèƒ½å¯ä»¥å›žä¾†ï¼Œæ›´æ–°å¾Œç™¼ç¾ç„¡æ³•å®šæ™‚è »å›°æ“¾çš„,7.10.32,4,4
A910423,ç¾åœ¨éƒ½æ²’æœ‰ç¡çœ å®šæ™‚äº†å—Žï¼Ÿ,é€™æ¨£è®Šå¾—å¾ˆä¸æ–¹ä¾¿ï¼Œè¦ç¡è¦ºéƒ½ä¸èƒ½å®šæ™‚è½éŸ³æ¨‚äº†ï¼Œå¯ä»¥è¨­å®šå›žä¾†å—Žï¼Ÿ,7.10.32,2,2
å›žæ†¶å¸¶è‘—èµ°,è¨ˆæ™‚å™¨,è¨ˆæ™‚å™¨æ€Žéº¼ä¸è¦‹äº†ðŸ˜±ç¡è¦ºéœ€è¦å•Šï½ž,7.10.32,5,5
å¯§0499,ç‚ºä»€éº¼ä¸èƒ½è‡ªå·±ç·¨è¼¯æ­Œæ›²çš„é †åº,ä»¥å‰çš„æ­Œæ›²åº«éƒ½å¯ä»¥ç·¨è¼¯æ­Œæ›²çš„é †åºï¼Œç¾åœ¨éƒ½ä¸è¡Œäº†ï¼Œå¾ˆå›°æ“¾ï¼Œæœ‰æ™‚æ­Œæ›²çš„é †åºä¹Ÿéƒ½æœƒçªç„¶è‡ªå·±è®Šå‹•ï¼Œæƒ³èª¿å›žä¹‹å‰çš„é †åºéƒ½ä¸è¡Œï¼Œè«‹æ”¹å–„,7.10.32,4,4
kkkuan,Podcast çš„åŠŸèƒ½çˆ›æ­»äº†,ä¸Šæ¬¡è½åˆ°ä¸€åŠçš„podcast æƒ³è¦ç¹¼çºŒè½çµæžœæ­»éƒ½é–‹ä¸èµ·ä¾†æ²’è¾¦æ³•æ’­æ”¾å°±ç®—äº†æƒ³èªªå¾žé ­é–‹å§‹è©¦çœ‹çœ‹çµæžœè®Šæˆæ²’è²éŸ³ç„¶å¾Œæ™‚é–“æ¢ä¸€ç›´åœ¨è·‘==çˆ›æ­»äº†æˆ‘è€ƒæ…®è¦ç”¨å›žSpotify äº†â‹¯â‹¯,7.10.32,1,1
ã„ã„§ã„ã„§ã„§,ã€Œç™¼ç¾ã€çš„æŽ’åºå¸Œæœ›å¯ä»¥æ›´æ”¹,å¸Œæœ›å¯ä»¥æŠŠæ¼”å”±æœƒè³‡è¨Šï¼Œé ­æ¢å’ŒpodcastæŽ’åˆ°æœ€å¾Œé¢ã€‚ æœƒç”¨kkboxä¸»è¦å°±æ˜¯æƒ³è½éŸ³æ¨‚å§ï¼æŽ’è¡Œæ¦œæ–°ç™¼è¡Œç­‰ç­‰å¯ä»¥æŽ’å‰é¢ï¼Œé€™æ¨£æ‰ä¸ç”¨æ¯æ¬¡é‚„è¦æ»‘éŽåŽ»,7.10.32,3,3
LING LIGN,éŸ³æ¨‚è¾¨è­˜åŠŸèƒ½,åŽŸæœ¬æœ‰çš„éŸ³æ¨‚è¾¨è­˜åŠŸèƒ½ä¸è¦‹äº†ï¼Œé€™æ¨£è¦æœæ­Œè®Šå¾—å¥½ä¸æ–¹ä¾¿ï¼Œå¸Œæœ›å¯ä»¥æ”¹å›žä¾†ã€‚,7.10.32,3,3
å¡é—œå¡é—œäº†å–‡å¹«å¹«æˆ‘,æ›´æ–°å¾Œåè€Œé–ƒé€€,åŽŸæœ¬7.9ï¼Œæ›´æ–°7.10å¾Œåè€Œé–ƒé€€è¦é‡ä¸‹è¼‰,7.10.32,1,1
æž—è²å¯¶å¯¶,å¾ˆä¸çˆ½,å¿«æŠŠç¡çœ æ¨¡å¼æ¢å¾©!!!,7.10.32,1,1
SleepWithMusic,å¸Œæœ›ç¡çœ æ’­æ”¾è¨­å®šå¯ä»¥å›žä¾†,è¿‘æœŸæ›´æ–°å¾Œï¼Œç™¼ç¾æ²’æœ‰ã€Œç¡çœ æ’­æ”¾è¨­å®šã€çš„é‚£å€‹åŠŸèƒ½äº†ï¼Ÿè¦ºå¾—é‚£å€‹åŠŸèƒ½å¾ˆå¥½ï¼Œå°¤å…¶æ˜¯å°æ–¼ç¿’æ…£è½éŸ³æ¨‚å…¥çœ çš„ä½¿ç”¨è€…ï¼Œç¾åœ¨æ²’æœ‰é‚£å€‹è¨­å®šï¼Œæœ‰æ™‚ç¡è‘—äº†éŸ³æ¨‚é‚„åœ¨æ’­æ”¾ï¼Œåè€Œæœƒè¢«éŸ³æ¨‚åš‡åˆ°ç„¶å¾Œé†’ä¾†ã€‚å¯ä»¥è®“é‚£å€‹åŠŸèƒ½å›žä¾†å—Žï¼ŸPlease,7.10.32,3,3
ðŸ˜‘ðŸ˜ðŸ¤¦â€â™€ï¸ðŸ˜‘ðŸ˜ðŸ¤¦â€â™€ï¸,å€’æ•¸è¨ˆæ™‚å™¨,"è«‹å•ç¡çœ çš„å€’æ•¸è¨ˆæ™‚å™¨æ€Žéº¼æ²’äº†ï¼Ÿ
æˆ‘æ¯æ™šç¡å‰éƒ½éœ€è¦å®ƒ
çµæžœæˆ‘æ›´æ–°å®Œå°±æ¶ˆå¤±äº†
å¸Œæœ›å®ƒå¯ä»¥å›žä¾†â€¦â€¦æ‹œè¨—ðŸ™",7.10.32,4,4
è¥ªå¨ƒæ‰‹ä½œå“éƒ½,æ›´æ–°éŽå¾Œå°å•é¡Œ,ç‚ºå•¥æ›´æ–°å¾Œå®šæ™‚è¨­å®šä¸è¦‹äº†ðŸ˜‚ï¼Ÿ,7.10.32,4,4
é£›å¤¢æ¨‚,ä»Šå¤©æˆ‘æ›´æ–°å®Œå®Œå…¨æ²’è¾¦æ³•é€²å…¥ç¨‹å¼,æˆ‘çš„isoç‰ˆæœ¬æ˜¯13.3.1ï¼Œä»Šå¤©å‰›å¥½æ›´æ–°å®Œç¨‹å¼ï¼Œé»žappå®Œå…¨ç„¡æ³•æ‰“é–‹ï¼Œé»žé–‹å°±é–ƒé€€ï¼Œå¾žé–‹æ©Ÿä¹Ÿä¸€æ¨£ï¼Œé—œappä¹Ÿä¸€æ¨£ã€‚è«‹è¶•å¿«ä¿®å¾©å•Šï¼ï¼,7.10.32,4,4
æº–å‚™åˆªæŽ‰appäº†,è«‹æ”¹å–„ã€‚,"å¼·åˆ¶æ›´æ–°å®Œå¾Œï¼Œç‚ºä»€éº¼ç„¡æ³•èˆ‡ä¹‹å‰ä¸€æ¨£ç¹¼çºŒæ’­æ”¾å‰ä¸€é¦–æ­Œæ›²ï¼Ÿ
æ¯æ¬¡é‡æ–°é€£çµè—èŠ½ï¼ŒæŒ‰ä¸‹æ’­æ”¾å°±é¡¯ç¤ºã€Œæ²’æœ‰æ­Œæ›²ã€è¦å†æ‰¾ä¸€æ¬¡åŽŸæœ¬è½çš„æ­Œéžå¸¸ä¸æ–¹ä¾¿ï¼Œè«‹æ”¹å–„å¥½å—Žã€‚",7.10.32,2,2
å¾å¦®å¦®å¦®,ç¡çœ å€’æ•¸åŠŸèƒ½ä¸è¦‹äº†,æ›´æ–°å¾Œæ­¤åŠŸèƒ½ä¸è¦‹äº†ï¼,7.10.32,4,4
pokihigood,ç¡çœ æ¨¡å¼,ç¡çœ æ¨¡å¼æ˜¯ä¸æ˜¯ä¸è¦‹äº†ï¼Ÿï¼ï¼,7.10.32,4,4
linguanguan,æ›´æ–°å¾Œ...,æ›´æ–°å¾Œï¼Œåœæ­¢æ’­æ”¾çš„åŠŸèƒ½ä¸è¦‹äº†ï¼Œæ™šä¸Šç¡è¦ºåªèƒ½æ’­åˆ°ç¡é†’æ‰èƒ½é—œï¼Œä¸æ–¹ä¾¿,7.10.32,3,3
djdjskasmsm,éŸ³æ¨‚è¾¨è­˜,è«‹å•ç‚ºä»€éº¼é€™å€‹åŠŸèƒ½æ›´æ–°å¾Œä¸è¦‹äº†,7.10.32,4,4
lalannla,åˆ†äº«è‡³IG,"å¸Œæœ›ä¸åªæœ‰åˆ†äº«æ­Œè©žæ‰èƒ½é¸æ“‡èƒŒæ™¯
æ­Œè©žåˆ†äº«è‡³IGéžå¸¸å–œæ­¡ é‚„å¯ä»¥é¸æ“‡èƒŒæ™¯æˆ–æ˜¯å°ˆè¼¯å°é¢ðŸ¤©ðŸ‘",7.10.32,1,1
çœ‹å”·çµ¦å—Žæ­è»Š,é–ƒé€€,åœ¨æ‰‹éŒ¶æ‰“é–‹å»ç›´æŽ¥é–ƒé€€åˆ°ä¸»ç•«é¢,7.10.32,1,1
Marco922391,é–ƒé€€å•é¡Œè«‹é‡è¦–,é€™å¹¾å¤©ç™»å…¥ä¸€ç›´é–ƒé€€ï¼Œæ˜¯æ€Žæ¨£ï¼Ÿ,7.10.32,3,3
éƒ½åœ¨é–ƒé€€å•Šï¼,é–ƒé€€,"è³¼è²·å¥½å¤šå¹´
çµæžœé€™æ¬¡æ›´æ–°ä¸€ç›´é–ƒé€€
æˆ‘èŠ±éŒ¢å¯¦ç”¨ä¸æ˜¯çµ¦ä½ å€‘æ›´æ–°é–ƒé€€å¾—ï¼
æœ‰æ²’æœ‰æžéŒ¯å•Š
é€™æ¨£æå¤±ä½ å€‘æ˜¯è¦æ€Žéº¼è™•ç†è·Ÿè² è²¬ï¼Ÿ",7.10.32,1,1
Shella Haung,ç”¨å¾ˆä¹…äº†ï¼,è¶…å¥½ç”¨ éƒ½ç”¨é€™å€‹è½æ­Œ,7.10.32,5,5
è‡ªå·±ä¸æƒ³è¾¦æ³•æŠ“å¤–æŽ› å»å½±éŸ¿ä¹–ä¹–çŽ©çš„çŽ©å®¶,ç¡çœ å®šæ™‚,"ç¡çœ å®šæ™‚æ¶ˆå¤±äº†
é»žå•é¡Œéƒ½æ˜¯error",7.10.32,5,5
Paulaè±¬,ä¸èƒ½è¨­å®š,ç‚ºä»€éº¼ç¡çœ æ¨¡å¼ä¸è¦‹äº†ï¼Ÿ,7.10.32,2,2
å­èŠ®å…’,è²¼è¿‘äººå¿ƒ,æ›´æ–°å¾Œï¼Œç¡çœ å®šæ™‚åœ¨æ’­æ”¾é é¢ä¹Ÿèƒ½è¨­å®šï¼ŒçœŸçš„æ˜¯å¾ˆè²¼å¿ƒðŸ‘ðŸ¼,7.10.32,5,5
èŒ¹å¸Œ,ç¡çœ å®šæ™‚æ¨¡å¼æ¶ˆå¤±äº†,æˆ‘æ¯å¤©å¿…é ˆç”¨çš„æ¨¡å¼æ¶ˆå¤±äº†ðŸ˜žå¸Œæœ›è¶•å¿«å¼„å›žä¾†,7.10.32,5,5
carat02140526,è¨­å®šç¡çœ æ™‚é–“çš„æ±è¥¿ä¸è¦‹äº†,æ“”å¿ƒéŸ³æ¨‚æ’­æ•´æ™šè€—é›»å¿«ï¼Œä½†ç¡è¦ºåˆæƒ³è½æ­Œ,7.10.32,5,5
Ben20000707,æ­Œå–®å•é¡Œ,å¸Œæœ›é‡åˆ°ä¸å–œæ­¡çš„æ­Œæ›²å¯ä»¥é‹ç”¨æœå°‹æ­Œæ›²ç›´æŽ¥åˆªæ­Œï¼Œä¸ç„¶è¦æ‰¾è€åŠå¤©æ‰èƒ½æ‰¾åˆ°ç„¶å¾Œæ‰åˆªæ­Œã€‚,7.10.32,4,4
tsmc8155,åŽŸæœ¬æœ‰å®šæ™‚ç‚ºä»€éº¼è¦æ‹¿æŽ‰ï¼Ÿï¼,"å®šæ™‚å¯ä»¥ä¸è¦æ‹¿æŽ‰å—Ž
é‚£æ˜¯å¤šéº¼é‡è¦çš„åŠŸèƒ½ä¸çŸ¥é“å—ŽðŸ™„ðŸ™„",7.10.32,2,2
1098263654,æœå°‹æ­Œæ›²,æœå°‹æ­Œæ›²çš„åŠŸèƒ½æ€Žéº¼ä¸è¦‹äº†,7.10.32,4,4
ç‚ºä»€éº¼æ„›å¿ƒä¸è¦‹äº†,æ›´æ–°å¾Œæ€Žéº¼æ²’æœ‰ç¡çœ æ™‚é–“è¨­å®š????,æ›´æ–°å¾Œæ€Žéº¼æ²’æœ‰ç¡çœ æ™‚é–“è¨­å®š????,7.10.32,4,4
é˜¿å°±é€™æ¨£å•Š,ç‚ºä»€éº¼æ›´æ–°å¾Œå€’æ•¸æ’­æ”¾å™¨æ¶ˆå¤±äº†,"ç¡è¦ºè¶…å¥½ç”¨çš„å€’æ•¸è¨ˆæ™‚å™¨æ€Žéº¼èƒ½æ¶ˆå¤±äº†ðŸ˜­ðŸ˜­
é‚„é€¼æˆ‘æ›´æ–°",7.10.32,5,5
ä¸¸å•Šå•Šå•Šå•Šå•Šå•Š,ç¡çœ å®šæ™‚å¾ˆé‡è¦,ç¡çœ å®šæ™‚å¾ˆé‡è¦å•Šâ‹¯â‹¯è¶•å¿«å›žä¾†é€™åŠŸèƒ½,7.10.32,1,1
ä¹Ÿæ˜¯å–”åŒ™å§å§ä½ å°±èƒ½è³ºéŒ¢å–”æ¬¡æ¬¸æ¬¡,æ²’æœ‰å®šæ™‚é—œé–‰,æ›´æ–°ä¹‹å¾Œæ²’æœ‰ç¡çœ å®šæ™‚é—œé–‰,7.10.32,5,5
è¦å ¡äº†,åŠ å…¥æ­Œå–®æœ‰å•é¡Œ,æˆ‘æŠŠæ­ŒåŠ å…¥æ­Œå–®è£¡äº†ï¼Œä¸éŽæ­Œå–®å»æ²’æœ‰æˆ‘åŠ çš„é€™é¦–æ­Œï¼Œåˆ°åº•æ€Žéº¼å›žäº‹å•Šï¼Ÿè€Œä¸”é‚„èªªæˆ‘å·²ç¶“åŠ äº†ï¼Œä¸éŽæˆ‘çš„æ­ŒçœŸçš„æ²’æœ‰åœ¨è£¡é¢å•Šï¼,7.10.32,1,1
é˜¿å¡”åº«ç‰¹ä¸‹åˆå–”,å¹¹,ç‚ºä»€éº¼è¦ä»˜éŒ¢,7.10.32,1,1
Ddfhkfaruiogde tipoff sweetie,ç„¡æ³•ä½¿ç”¨,æ›´æ–°å¾Œé–ƒé€€,7.10.32,1,1
Yukeh0032,é–ƒé€€,ä¸€æ›´æ–°å°±é–ƒé€€ï¼Œæˆ‘çš„å¤©å‘€ï¼Œæˆ‘èŠ±éŒ¢è²·æœƒå“¡ï¼Œé‚„ä¸èƒ½ç”¨ï¼Œå¯¦åœ¨å‚»çœ¼,7.10.32,1,1
é…¥é…¥èŠ‹é ­,æ›´æ–°é–ƒé€€,"Iphone11é‡é–‹æ©Ÿä¹Ÿç„¡æ•ˆ
æ›´æ–°å¾Œæ‰“ä¸é–‹äº†â‹¯â‹¯",7.10.32,5,5
è•™å¿ƒï¼ï¼,ä¸èƒ½å®šæ™‚æ’­æ”¾,æ›´æ–°å¾Œä¸èƒ½å®šæ™‚æ’­æ”¾,7.10.32,3,3
gril kid child,å®šæ™‚é—œé–‰çš„åŠŸèƒ½ä¸è¦‹äº†,é€™æ¬¡æ›´æ–°ä¹‹å¾Œï¼ŒåŽŸå…ˆæœ‰çš„ç¡çœ å®šæ™‚åŠŸèƒ½ä¸è¦‹äº†ï¼Œå¸Œæœ›èƒ½å¤ æ¢å¾©ï¼Œå°æ–¼ç¡è¦ºéœ€è¦è½éŸ³æ¨‚çš„äººä¾†éžå¸¸éœ€è¦é€™å€‹åŠŸèƒ½ï¼Œå¸Œæœ›èƒ½å¤ æ¢å¾©ã€‚,7.10.32,2,2
Norah Chen,é–ƒé€€,æ›´æ–°å¾Œä¸€ç›´é–ƒé€€ï¼Œè»Ÿé«”æ ¹æœ¬æ‰“ä¸é–‹ï¼ï¼ï¼,7.10.32,5,5
æ­Œæ›²æœå°‹,æ­Œæ›²æœå°‹,ç‚ºä»€éº¼éŒ„éŸ³æœå°‹æ­Œæ›²çš„æ¨¡å¼ä¸è¦‹äº†,7.10.32,3,3
ä¸€ç›´è¦æ±‚æ›´æ–°å»æ²’æœ‰æ›´æ–°é¸é …,æ›´æ–°ä¸äº†,ä¸€ç›´è·³å‡ºç•«é¢è¦æ±‚æ›´æ–°ï¼Œé»žé€²ä¾†appå•†åº—å»æ²’æœ‰æ›´æ–°çš„é¸é …ï¼Œæˆ‘å°±ä¸€ç›´è¢«è¦æ±‚æ›´æ–°ï¼Œå»ä¸€ç›´æ²’æœ‰è¾¦æ³•æ›´æ–°ï¼Œæ˜¯æŠŠæˆ‘ç•¶ç™½ç—´è€å—Žï¼Ÿï¼Ÿ,7.6.50,1,1
æ²ˆç§€æ°´,ç¡çœ å€’æ•¸è¨ˆæ™‚æ€Žéº¼ä¸è¦‹äº†ï¼Ÿ,ç¡çœ å€’æ•¸è¨ˆæ™‚æ€Žéº¼ä¸è¦‹äº†ï¼Ÿ,7.10.32,3,3
ä¸è€é­š,ç¡çœ å®šæ™‚é—œé–‰,æ”¹ç‰ˆå¾Œï¼Œå·²ç¶“æ²’æœ‰ç¡çœ å®šæ™‚é—œé–‰åŠŸèƒ½å¾ˆç³Ÿç³•,7.10.32,3,3
ä¸è¦æ¶ˆå¤±å®šé£Ÿæ’­æ”¾,å®šæ™‚æ’­æ”¾å‘¢ðŸ˜­ðŸ˜­ðŸ˜­,"æ›´æ–°å¾Œ æ‰¾ä¸åˆ°å®šæ™‚æ’­æ”¾
é€™å¾ˆé‡è¦å•Šå•Šå•Šå•ŠðŸ˜­ðŸ˜­ðŸ˜­ðŸ˜­ðŸ˜­",7.10.32,5,5
a0933043702,ç¡çœ å®šæ™‚ä¸è¦‹äº†,ç‚ºä»€éº¼ç¡çœ å®šæ™‚é—œé–‰çš„åŠŸèƒ½ä¸è¦‹äº†ï¼Ÿï¼Ÿ,7.10.32,4,4
æƒ³è¦å®šæ™‚æ¨¡å¼çš„äºº,å®šæ™‚æ¨¡å¼åŽ»å“ªäº†ï¼Ÿ,"åŽŸæœ¬æœ‰çš„å®šæ™‚æ¨¡å¼æ€Žéº¼æ²’äº†ï¼Ÿ
ç¡è¦ºå‰éƒ½æœƒåšé€™æ¨£çš„è¨­å®šï¼Œæ²’äº†é€™å€‹çœŸçš„å¾ˆä¸æ–¹ä¾¿",7.10.32,3,3
Sprite0514,Carplayè«‹æ”¯æ´æ’­æ”¾æ”¶è—æ­Œå–®,Carplayç„¡æ³•é¸æ“‡æ’­æ”¾æœ€æ„›æ­Œå–®ï¼Œåªèƒ½é¸å–è‡ªé¸æ­Œå–®ï¼Œéžå¸¸ä¸å¯¦ç”¨ï¼Œè«‹å”åŠ©æ–°å¢ž,7.10.32,5,5
....ï¼..ï¼Ÿ,å®šæ™‚,è«‹å•æœ€æ–°ç‰ˆæœ¬çš„å®šæ™‚åŠŸèƒ½æ²’æœ‰äº†å—Žï¼Ÿ,7.10.32,3,3
B2957289,å¯ä»¥è¨­å®šè‡ªå‹•é—œé–‰çš„åŠŸèƒ½æ˜¯å¦æ¶ˆå¤±äº†,"iosç‰ˆå¯ä»¥è¨­å®šæ™‚é–“è‡ªå‹•é—œé–‰çš„åŠŸèƒ½æ˜¯å¦æ¶ˆå¤±äº†
çªç„¶å°±æ‰¾ä¸åˆ°äº†
å°‘é€™å€‹åŠŸèƒ½å¾ˆå¯æƒœå•Šï½ž
é€™åŠŸèƒ½å¾ˆé‡è¦è€¶",7.10.32,4,4
çŸ¥çŸ¥46,æ’­æ”¾æ™‚é–“,è¨­å®šè‡ªå‹•åœæ­¢çš„åŠŸèƒ½æ€Žéº¼ä¸è¦‹äº†ï¼Ÿ,7.10.32,3,3
...30678,è«‹å•ç‚ºä»€éº¼æ›´æ–°å¾Œç¡çœ å®šæ™‚å™¨ä¸è¦‹äº†,å¦‚é¡Œ,7.10.32,1,1
åŒ—é¼»yuki,å®šæ™‚åŠŸèƒ½,è«‹å•å®šæ™‚åŠŸèƒ½æ€Žéº¼æ›´æ–°å¾Œå°±æ¶ˆå¤±äº†ï¼Ÿ,7.10.32,4,4
cvbbdfjj,å†æ”¹é‚£éº¼çˆ›é–‹é€šæ•´å¹´ä¹Ÿä¸çºŒè¨‚,ç¡çœ æ¨¡å¼å‘¢ï¼ï¼ï¼æ›´æ–°å¾Œæ‹”äº†ï¼Ÿï¼Ÿï¼Ÿé‚„ä¾†ðŸ˜­ðŸ˜­ðŸ˜­ðŸ˜­ðŸ˜­ðŸ˜­ðŸ˜­ðŸ˜­ðŸ˜­ðŸ˜­ðŸ˜­ðŸ˜­ðŸ˜­,7.10.32,1,1
e227701620,è¾¨è­˜æ­Œæ›²,æ›´æ–°ä¹‹å¾Œè¾¨è­˜æ­Œæ›²ä¸è¦‹äº†ï¼Œè¦æ‰¾å–œæ­¡çš„æ­Œå¾ˆä¸å®¹æ˜“,7.10.32,3,3
KellyxRossi,å°‘ä¸€æ˜Ÿæ˜¯å› ç‚º....,å°‘ä¸€æ˜Ÿæ˜¯å› ç‚ºæ›´æ–°å¾Œã€Œä¸»é¡Œè‰²ã€å¥½é†œï¼Œæˆ‘çœ¼ç›å¾ˆä¸èˆ’æœï¼Œè«‹å¿«é»žæ”¹å–„ï¼è¬è¬,7.10.32,4,4
Firzen 0713,æäº¤æ­Œæ›²å»ºè­°å¦‚åŒçŸ³æ²‰å¤§æµ·,é™¸é™¸çºŒçºŒæäº¤äº†å¥½å¹¾é¦–æ­Œæ›²å»ºè­°ï¼Œå¹¾å€‹æœˆéŽåŽ»äº†ï¼Œä¸€é»žæ¶ˆæ¯éƒ½æ²’æœ‰ï¼Œé€™å€‹åŠŸèƒ½æœ‰è·Ÿæ²’æœ‰ä¸€æ¨£ï¼Œè¦ºå¾—å¤±æœ›â‹¯â‹¯ã€‚,7.10.32,2,2
chaoyu0513,æ“ä½œæ›´ç›´è¦ºæ–¹ä¾¿äº†,é€™ç‰ˆçš„ç¡çœ å®šæ™‚è¨­å®šæ”¹åˆ°æ’­æ”¾å™¨å³ä¸Šè§’çš„...åŠŸèƒ½é¸å–®ï¼Œè¨­å®šä¸éœ€è¦è·³å‡ºåˆ°è¨­å®šé äº†ï¼Œå¾ˆæ–¹ä¾¿å•Šï¼,7.10.32,5,5
Glindgking,æ­Œæ›²é †åºç·¨è¼¯åŠŸèƒ½,"å»ºè­°æœ¬æ©Ÿé›¢ç·šæ­Œæ›²å€å†æ–°å¢žå¯ç·¨è¼¯æ­Œæ›²æŽ’åºåŠŸèƒ½ï¼Œæ–¹ä¾¿ä½¿ç”¨è€…ä¾å–œå¥½è‡ªç”±æŽ’åˆ—æ­Œæ›²

è«‹å•iphoneä»‹é¢æ˜¯å¦ç„¡æ­¤åŠŸèƒ½ï¼Ÿ",7.10.32,2,2
DKçŽ©å‘½é—œé ­,æ‰¾ä¸åˆ°è¨­å®šæ’­æ”¾çš„æ™‚é–“,"æ”¹ç‰ˆä¹‹å¾Œ
å…§å»º-è¨­å®šçš„
æ’­æ”¾æ™‚é–“ä¸è¦‹äº†ï¼",7.10.32,3,3
Wei861000,Widget,å¸Œæœ›å¯ä»¥æŽ¨å‡ºwidgetåŠŸèƒ½,7.10.32,5,5
Rain_1028,å®šæ™‚æ’­æ”¾æ²’äº†ï¼Ÿ,æ€Žéº¼å–æ¶ˆäº†å®šæ™‚æ’­æ”¾å‘¢ï¼Ÿ ç¡å‰æ’­æ­Œå¾ˆå¥½è€¶,7.10.32,4,4
ç´«ç¿¼å¾¡çš‡,ç¡çœ å®šæ™‚,æ‰¾ä¸åˆ°åŽŸæœ¬ç¡çœ å®šæ™‚åŠŸèƒ½ï¼Œæ˜¯ç§»é™¤äº†å—Žï¼Ÿ,7.10.32,2,2
ä¸è¦ä¸€é–‹å§‹å°±å¡é—œ,å¾ˆå–œæ­¡çš„app,"å¸Œæœ›éš¨æ©Ÿæ’­æ”¾ä¸è¦å¸¸å¸¸éƒ½æ˜¯é‚£å¹¾é¦–æ­Œ
é‚„æœ‰æ–°å¢žçš„æ­Œæ›²å¯ä»¥åœ¨æœ€ä¸Šé¢",7.10.32,5,5
èŠŠé¦¨,ç¡çœ è¨­å®š,åŽŸæœ¬è¨­å®šè£¡é¢æœ‰ç¡çœ è‡ªè¡Œè¨­å®šé—œé–‰éŸ³æ¨‚çš„æ”¹æŽ‰äº†ï¼Ÿæˆ‘å°±æ˜¯å› ç‚ºå¯ä»¥è‡ªè¡Œè¨­å®šæ‰ä¸‹è¼‰ä»˜è²»çš„ é‚£åŠŸèƒ½æ”¹æˆ‘ç”¨ä»€éº¼ï¼Ÿå¹¹å˜›æ¶ˆè²»ï¼Ÿ,7.10.32,4,4
XiangðŸ™,ç¡çœ å®šæ™‚é—œé–‰éŸ³æ¨‚çš„åŠŸèƒ½å‘¢,å®šæ™‚çš„åŠŸèƒ½æ€Žéº¼æ¶ˆå¤±äº†ï¼ï¼Ÿ,7.10.32,1,1
Wen0108,ç¡çœ æ’­æ”¾æ™‚é–“è¨­å®šä¸è¦‹äº†,"ç¡çœ æ’­æ”¾æ™‚é–“è¨­å®šä¸è¦‹äº†â‹¯â‹¯
ç¡çœ æ’­æ”¾æ™‚é–“è¨­å®šä¸è¦‹äº†â‹¯â‹¯
ç¡çœ æ’­æ”¾æ™‚é–“è¨­å®šä¸è¦‹äº†â‹¯â‹¯",7.10.32,2,2
Chenten,æ’­æ”¾å®šæ™‚,å®šæ™‚æ’­æ”¾åŠŸèƒ½ä¸è¦‹äº†ðŸ˜«ðŸ˜«ðŸ˜«,7.10.32,5,5
Exxiaa,iOS 9 ç„¡æ³•ä½¿ç”¨,"ä»Šå¤©èˆŠæ‰‹æ©Ÿä¸Šçš„appé–‹å§‹è·³ç™»å…¥ä»‹é¢,ç„¶å¾Œappè·³æ›´æ–°åˆä¸çµ¦æ›´æ–°,éº»ç…©å¹«å¹«å¿™ã€‚",7.7.22,2,2
é­…å½±å¤©å¿Œ,éŸ³æ¨‚è¾¯è­˜ä¸è¦‹äº†å—Ž,å¦‚é¡Œ,7.10.32,5,5
â™¡ï¸Žð™°ðš•ðš’ðšŒðšŽâ™¡ï¸Ž,ðŸ˜­ðŸ˜­ðŸ˜­,é€™çœŸçš„æ˜¯ä¸€æ¬¾å¾ˆå¥½ç”¨çš„ç¨‹å¼ï¼Œä½†æ˜¯ç‚ºä»€éº¼æ˜¨å¤©æ›´æ–°å®Œå¾Œï¼Œè¨­å®šè£¡çš„ã€Œç¡çœ å®šæ™‚æ’­æ”¾ã€å°±ä¸è¦‹äº†ï¼Œå¹³å¸¸çœŸçš„å¾ˆéœ€è¦é‚£é …åŠŸèƒ½,7.10.32,5,5
çˆ›Appï¼Œä½ åª½æ­»äº†ï¼Ÿ,ç¡çœ è¨ˆæ™‚,"ä½ å€‘æŠŠç¡çœ è¨ˆæ™‚å–æ¶ˆæŽ‰æ˜¯åœ¨è¡ä¸‰å°ï¼Ÿ
ä¸å¼„å›žä¾†ï¼Œæˆ‘å°±ä¸ç”¨KKBOX äº†
ç„¡æ•ˆç‰ˆæœ¬æ›´æ–°ï¼Œå»¢",7.10.32,1,1
Berry peng,è¨­å®šè£¡çš„æ™‚é–“ä¸è¦‹äº†,"æˆ‘è¦ºå¾—è¨­å®šè£¡çš„å€’æ•¸è¨ˆæ™‚æ™‚é–“åœæ­¢éŸ³æ¨‚é€™å€‹åŠŸèƒ½å¾ˆå¥½ï¼Œç‚ºä»€éº¼å°±é€™æ¨£æ›´æ–°å®Œå°±ä¸è¦‹äº†ï¼Ÿ
å°æ–¼ä¸€å€‹æ™šä¸Šç¡è¦ºæœƒè½éŸ³æ¨‚çš„äººå¾ˆé˜²æ–¹ä¾¿è€¶ï¼ä¸çŸ¥é“å¯å¦æ”¹å–„",7.10.32,1,1
ru.liu,å¾ˆæ£’ðŸ‘ðŸ»,"æˆ‘è¦ºå¾—æ–°ç‰ˆå¾ˆæ£’å•Š~
å¾ˆå¤šæ›´æ–°å¾Œçš„å•é¡Œï¼Œå…¶å¯¦åŽ»å®˜ç¶²æœå°‹ï¼Œéƒ½æœ‰èªªæ˜Žã€‚
å¤§å®¶å¹¹å˜›éƒ½é‚£éº¼å…‡.....
å¤šçµ¦è¨­è¨ˆçš„äººä¸€é»žé¼“å‹µå¾ˆé›£å—Ž",7.10.32,5,5
Niceful,è«‹å•æ’­æ”¾æ™‚é–“é™åˆ¶çš„åŠŸèƒ½ç‚ºä½•æ²’æœ‰äº†ï¼Ÿ,è«‹å•æ’­æ”¾æ™‚é–“é™åˆ¶çš„åŠŸèƒ½ç‚ºä½•æ²’æœ‰äº†ï¼Ÿ,7.10.32,3,3
Nimabu1997,ä¸è¦‹äº†,è«‹å•æ›´æ–°å®Œè†è½æœå°‹è·‘åˆ°å“ªè£¡åŽ»äº†,7.10.32,4,4
æ„›è½éŸ³æ¨‚çš„å•¾å•¾,è¨±é¡˜çš„ç¡çœ å€’æ•¸åŠŸèƒ½çµ‚æ–¼å‡ºç¾äº†,å»ºè­°å¥½ä¹…çµ‚æ–¼çœ‹åˆ°ç¡çœ å€’æ•¸åŠŸèƒ½äº†ï¼Œç¾åœ¨æ’­æ”¾å°±å¯ä»¥ç›´æŽ¥æ”¾è‘—è½æ­Œç¡è¦ºäº†,7.10.32,5,5
å¤§å…”ç‡•,æ‰¾ä¸åˆ°ç¡çœ å®šæ™‚ï¼Ÿ,æ‰¾äº†ä¸€é™£å­æ‰ç™¼ç¾åŽŸä¾†æ˜¯æ”¾åœ¨æ’­æ”¾ç•«é¢å³ä¸Šæ–¹çš„è¨­å®šè£¡é¢ï¼Œä½†é€™æ¨£å¥½åƒæ¯”è¼ƒç›´è¦ºè€¶ï¼,7.10.32,5,5
Lynnchou,ç¡çœ åŠŸèƒ½å¥½ç”¨ï¼,åœ¨æ’­æ”¾é é¢çœ‹åˆ°ç¡çœ å®šæ™‚åŠŸèƒ½ï¼Œè¶…ç´šå¥½ç”¨ rrrrrrrr...,7.10.32,5,5
éŸ³æ¨‚ä¸Šç™®è€…,æ›´å¿«æ‰¾åˆ°å®šæ™‚åŠŸèƒ½ï¼Œå–œç•ª â¤ï¸,æ›´å¿«æ‰¾åˆ°å®šæ™‚åŠŸèƒ½ï¼Œå–œç•ª â¤ï¸,7.10.32,5,5
Chloe Chen 727,æ„Ÿè¦ºå…§å®¹è±å¯Œäº†ï¼Œé‚„æœ‰ Podcast å¯ä»¥è½è€¶ï¼,ç¡çœ åŠŸèƒ½å¥½åƒæ”¹åˆ°æ’­æ”¾å™¨å…§ï¼Œå¥½åƒæ„Ÿå—åˆ°ä½ å€‘çš„è‹¦å¿ƒå®‰æŽ’ï¼ˆï¼Ÿï¼‰å¸Œæœ›å¯ä»¥å¥½å¥½å®£å‚³ä¸€ä¸‹,7.10.32,5,5
å·–Rock,Podcast æ²’è¾¦æ³•è½,"å‡ä¸Šios14ä¹‹å¾Œå°±æ²’è¾¦æ³•è½podcast,éƒ½éŽå¤šä¹…äº†ï¼Œé‚„ä¸è¶•ç·Šä¿®å¾©",7.10.32,1,1
Cplin328,å®šæ™‚å™¨ä¸è¦‹äº†,æ–°æ”¹ç‰ˆä¹‹å¾Œï¼Œæ’­æ”¾éŸ³æ¨‚çš„è¨ˆæ™‚å™¨ä¸è¦‹äº†,7.10.32,5,5
å‚»çœ¼æš´é¾,æ–°å¢ž,å¸Œæœ›å¯ä»¥å¤šä¸€äº›å¤é¢¨é¡žçš„æ­Œæ›² è£¡é¢ä¸æ˜¯æ²’æœ‰ä¸ç„¶å°±æ˜¯æ²’ç‰ˆæ¬Šäº†..,7.10.32,4,4
ç¶±æ¬¸,æ­Œæ›²è¨ˆæ™‚å™¨,çªç„¶ç™¼ç¾ç¡çœ çš„è¨ˆæ™‚å™¨ä¸è¦‹äº†ï¼Œå¸Œæœ›å¯ä»¥æ”¹å–„æ”¹å›žä¾†,7.10.32,4,4
Qwergdgjbdwahvf,ç¡çœ æ’­æ”¾ä¸è¦‹äº†,æ›´æ–°å¾Œç¡çœ è¨ˆæ™‚ä¸è¦‹äº†,7.10.32,3,3
è² è©•å•¦,å®šæ™‚æ’­æ”¾ä¸è¦‹äº†,æ›´æ–°å¾Œç„¡æ³•è¨­å®šå®šæ™‚æ’­æ”¾,7.10.32,5,5
Emily Huang!!,éš¨æ©Ÿæ’­æ”¾,ç‚ºä»€éº¼ä¸èƒ½éš¨æ©Ÿæ’­æ”¾ï¼Ÿï¼Ÿï¼Ÿ,7.10.32,2,2
Perry Chung,æˆ‘éƒ½æŠŠèŒƒç‘‹çªçš„æ­Œå…¨åˆªäº†é‚„æ‹¿åˆ°é ­è™Ÿç²‰çµ²,"æ—©å°±æŠŠèŒƒç‘‹çªæ­Œå…¨åˆªï¼Œæ‰“æ­»éƒ½ä¸è½é‚£å€‹é›™é¢äººçš„æ­Œï¼Œå±…ç„¶é‚„æ‹¿åˆ°é ­è™Ÿç²‰çµ²ï¼Œ99%ï¼Œæ˜¯ä½ ä¸æœƒæ°£æ­»ï¼Œé€™æ ¹æœ¬äº‚è©•ï¼
KKBOXçµ¦å€‹äº¤ä»£ï¼Œæ†‘ä»€éº¼æˆ‘æ²’è½çµ¦é ­è™Ÿç²‰çµ²ï¼Œç‚ºæŸè¦çµ¦æˆ‘é€™ä¸Ÿè‡‰çš„æ¨™ç« é‚„åˆªä¸æŽ‰ï¼Ÿ

9/22æ›´æ–° KKBOXå›žè¦†

ä¸å¥½æ„æ€ï¼Œç›®å‰å°šç„¡å°‡ç²‰çµ²å¾½ç« åˆªé™¤çš„åŠŸèƒ½ï¼Œå¦‚æžœä¸å†æ”¯æŒè¨­å®šæ­Œæ‰‹ï¼Œå»ºè­°ä½ å¯å°‡ç²‰çµ²å¾½ç« åŠŸèƒ½æš«æ™‚è¨­å®šç‚ºä¸å…¬é–‹ï¼Œ å¦‚æ­¤ä¸€ä¾†ï¼Œä»–äººé€²å…¥åˆ°ä½ çš„å€‹äººæª”æ¡ˆé é¢æ™‚ï¼Œå°±ä¸æœƒçœ‹åˆ°ä½ æ‰€æœ‰çš„ç²‰çµ²å¾½ç« äº†ã€‚

é‚£æ¨™ç« æŒçºŒåœ¨æˆ‘å°±æ¯é€±ä¾†æŠŠæˆ‘çš„è©•è«–å¾€ä¸Šæ´—

å›žå ±ä¹Ÿæ²’èªªç‚ºä½•æˆ‘åˆªæ­Œé‚„æ˜¯æ‹¿åˆ°æ¨™ç« ",7.10.32,1,1
Nickko0214,å·²æ›´æ–°,å·²æ›´æ–°,7.10.32,5,5
xcguseunm,ç¾Žåœ‹ä¸èƒ½è½,åœ¨ç¾Žåœ‹çªç„¶ä¸èƒ½è½ï¼Œé‚„åœ¨ç¶ç´„ä¸­,7.10.32,1,1
Tzu Lin,ä¸èƒ½è¨­å®šå¤šä¹…å¾Œæ­Œæ›²åœæ­¢,æ˜¯æœ‰æ”¹éŽå—Žï¼Ÿå› ç‚ºæˆ‘æ˜¨å¤©ç”¨çš„æ™‚å€™é‚„èƒ½è¨­å®šï¼Œä½†ï¼Œä»Šå¤©å»ä¸èƒ½ï¼Œé‡é–‹æ©Ÿé‚„æ˜¯ä¸€æ¨£ðŸ˜­,7.10.32,5,5
æ¿«app,æ¿«,"å®šæ™‚é—œé–‰è¢«æ”¹æŽ‰äº†

è²¼ç¶²å€  èªª  æŒ‰ç…§ç¶²é æ“ä½œ

æˆ‘ç”¨app ä½ è²¼çµ¦æˆ‘é›»è…¦ç‰ˆçš„æ“ä½œï¼Ÿ

Kkbox çœŸçš„æ²’æœ‰ç«¶çˆ­æ€§äº†",7.10.32,1,1
Pcywei,é›¢ç·šæ­Œæ›²åŽŸæœ¬æœ‰1000å¤šé¦–ï¼Œæ›´æ–°ä¹‹å¾Œåªå‰©500é¦–æ˜¯ä»€éº¼æ„æ€â‹¯,é›¢ç·šæ­Œæ›²åŽŸæœ¬æœ‰1000å¤šé¦–ï¼Œæ›´æ–°ä¹‹å¾Œåªå‰©500é¦–æ˜¯ä»€éº¼æ„æ€â‹¯,7.10.32,1,1
æŸ¯ çº¹ æ‘º,éŸ³æ¨‚,éŸ³æ¨‚è­˜åˆ¥æ˜¯ä¸æ˜¯ç§»é™¤äº†,7.10.32,1,1
æš±ç¨±è¢«æ¶èµ°,å·®åˆ¥å¾…é‡,"æ†‘ä»€åªæœ‰5gç”¨æˆ¶å¯ä»¥è½ç„¡æ
æˆ‘å€‘4gæ˜¯æœ‰å°‘ä»˜éŒ¢å—Ž
å·²é€€è¨‚ ç­‰ä½ å€‘è™•ç†å¥½å†å›žä¾†",7.10.32,3,3
emma910522,ä½ å¥½,ä¸èƒ½å®šæ™‚æ™‚é–“åˆ°åœæ­¢éŸ³æ¨‚,7.10.32,1,1
è±*,æ›´æ–°å¾Œå•é¡Œ,æ›´æ–°å¾Œ æ²’æœ‰ä¼‘çœ æ¨¡å¼,7.10.32,4,4
è »å¤šäººåœ¨èŠçš„,é›¢ç·šæ’­æ”¾ä¸€ç›´è‡ªå‹•åœæ­¢,è½éŸ³æ¨‚è½çš„æ­£çˆ½å°±æ²’äº† æœ‰å¤ ç…©,7.10.32,1,1
kenny3727,éŸ³æ¨‚è¾¨è­˜ï¼Ÿ,å“ªæœ‰éŸ³æ¨‚è¾¨è­˜ï¼Ÿæ€Žéº¼éƒ½æ‰¾ä¸åˆ°...æ²’æ›´æ–°ä¹‹å‰é‚„æœ‰ï¼,7.10.32,2,2
æ„Ÿè¦ºMr,å®šæ™‚é—œé–‰,"æ›´æ–°å¾Œé€™å€‹åŠŸèƒ½æ¶ˆå¤±äº†è€¶
ç¡è¦ºå‰è½éŸ³æ¨‚è®Šå¾—éº»ç…©äº†",7.10.32,4,4
Neil0225,å®šæ™‚åŠŸèƒ½,ç‚ºä»€éº¼å®šæ™‚åŠŸèƒ½ä¸è¦‹äº†...,7.10.32,4,4
babie bay,é€™ç‰ˆç™¼ç¾åªè¦ä¸€æ‰“é–‹è‡‰æ›¸éŸ³æ¨‚å°±æœƒåœæ­¢,é€™ç‰ˆç™¼ç¾åªè¦ä¸€æ‰“é–‹è‡‰æ›¸éŸ³æ¨‚å°±æœƒåœæ­¢,7.10.32,5,5
è€ƒæ‹‰æ·±æ·±,ç‚ºä»€éº¼æˆ‘çš„å®šæ™‚æ’­æ”¾ä¸è¦‹äº†,"æ²’æœ‰å®šæ™‚æ’­æ”¾æ¬¸
è€Œä¸”çªç„¶ä¸è¦‹
ä¹Ÿæ›´æ–°äº†é‚„æ˜¯ä¸€æ¨£
æˆ‘çš„iPhone 7",7.10.32,4,4
æ”¾ç¾Šçš„è¾²å ´,æ²’äº‹å¹¹å˜›è¦æŠŠç¡çœ å®šæ™‚ç§»èµ°â€¦,è¦ºå¾—å¾ˆå¤šæ­¤ä¸€èˆ‰ï¼Œä¹Ÿæ²’æ¯”è¼ƒå¥½æ‰¾,7.10.32,3,3
Yan Zi Long,ç©ºé–“ç’°ç¹ž,å¸Œæœ›èƒ½æ”¯æ´iOS 14 è€³æ©Ÿçš„æ–°åŠŸèƒ½,7.10.32,5,5
-_-Leo Ho,æ–°å¢ž Apple ID ç™»å…¥,å¸Œæœ›å¯ä»¥åœ¨å¤–éƒ¨å¸³è™Ÿç®¡ç†é‚£é‚Šï¼Œæ–°å¢žç”¨ Apple ID ç™»å…¥,7.10.32,5,5
Porsche899,å¸Œæœ›apple CarPlayå¯ä»¥æ–°å¢žæ­Œæ›²æ”¶è—åŠŸèƒ½,å¸Œæœ›apple CarPlayå¯ä»¥æ–°å¢žæ­Œæ›²æ”¶è—åŠŸèƒ½ï¼Œé€™æ¨£å°±èƒ½ç›´æŽ¥å¾žè»Šä¸Šæ”¶è—å–œæ­¡æ­Œæ›²,7.10.30,5,5
å¿«é»žä¿®å¾©æˆ‘è¦è½æ­Œ,é–ƒé€€,ç¨‹å¼æ›´æ–°å¾Œä¸€é»žé–‹å°±é–ƒé€€ï¼Œå®Œå…¨æ²’è¾¦æ³•ä½¿ç”¨ï¼Œé€™å·²ç¶“å›°æ“¾æˆ‘ä¸€å€‹ç¦®æ‹œäº†ï¼Œå¸Œæœ›å®˜æ–¹èƒ½ç›¡å¿«ä¿®å¾©ã€‚,7.10.30,2,2
A.R_TW,å“ˆå“ˆ,å¾ˆæ£’çš„éŸ³æ¨‚å¹³å°,7.10.30,5,5
gui9108713,ç¡çœ å®šæ™‚æ€Žéº¼ä¸è¦‹äº†,å¦‚é¡Œ,7.10.30,3,3
Abignes,å®šæ™‚æ’­æ”¾,ç‚ºä»€éº¼æ›´æ–°å¾Œæ‰¾ä¸åˆ°å®šæ™‚æ’­æ”¾äº†ï¼Ÿ,7.10.30,1,1
æš±ç¨±æ˜¯è¦é‡è¤‡åˆ°ä»€éº¼æ™‚å€™å•¦,æ°£æ­»,æ˜Žæ˜Žæˆ‘æŠŠæ­Œçš„å„²å­˜é‡æ”¹æˆäº†4000çµæžœæ›´æ–°ä¹‹å¾Œå»åˆè·‘å›ž500ç”šè‡³æŠŠæˆ‘çš„æ­Œç§»é™¤ çœŸçš„ç‹ ä»¤äººå‚»çœ¼ åˆ°åº•åˆè¦æˆ‘é‡æ–°ä¸‹è¼‰åˆ°ç”šéº¼æ™‚å€™==,7.10.22,2,2
æˆ‘å¯æ„›çš„æž—å½¥ä¿Šâˆž,éŸ³æ¨‚,æ­Œå–®å¤§æ¦‚æ’­30å¹¾åˆ†é˜å¾Œå°±æœƒè‡ªå‹•é—œæŽ‰,7.10.22,1,1
richmus,æŒçºŒå–®æ›²å¾ªç’°,ç¾åœ¨æœå°‹æŸä¸€é¦–æ­Œå¾Œ åªæœƒæ’­æ”¾é‚£ä¸€é¦–æ­Œ å’Œä¹‹å‰ä½¿ç”¨æ™‚æœ‰äº›å·®ç•° æˆ‘ç¢ºå®šä¸æ˜¯åœ¨å–®æ›²å¾ªç’°æ¨¡å¼ å¯ä»¥è«‹å•æˆ‘è©²æ€Žéº¼è§£æ±ºå—Žï¼Ÿé€™å…©æ˜ŸæœŸéƒ½æœ‰è¢«é€™å€‹å•é¡Œå›°æ“¾,7.10.22,5,5
leeeehoo,ç‚ºä»€éº¼ appç·šä¸Šæ”¶è½éƒ½æœƒè‡ªå‹•æ–·ç·šï¼Ÿè¦é‡é–‹,ç‚ºä»€éº¼......,7.10.22,2,2
Zero wan,éŸ³æ¨‚ä¸èƒ½è½äº†,éŸ³æ¨‚ä¸èƒ½è½äº†ï¼Ÿ,7.10.22,1,1
hsuchihchi,éŸ³è³ªæ€Žéº¼å›žäº‹,å‰é™£å­æŽ¨å»£ç„¡æéŸ³è³ªå¾Œï¼ŒéŸ³è³ªçœŸçš„å·®ç•°å¾ˆå¤šâ‹¯,7.10.22,2,2
saya_hung,ç„¡è¨€ä»¥å°,"æ›´æ–°å¾ŒåŽŸæœ¬ä¸‹è¼‰çš„æ­Œéƒ½è®Šæˆç„¡ä¸‹è¼‰äº†ï¼Œ
é‡æ–°ä¸‹è¼‰å¾Œã€å¹¾å¤©å†é–‹ä¾†è½åˆè®Šæˆç„¡ä¸‹è¼‰ã€‚

å¯ä¸å¯å¯ä»¥çµ¦æˆ‘ä¸€å€‹å›žè¦†ï¼Ÿ",7.10.22,1,1
é˜¿æŸ”XD,æ‹œè¨—å›žæˆ‘,å¦‚æžœè©¦ç”¨æœƒå“¡åˆ°æœŸï¼Œæ˜¯ä¸æ˜¯å°±è¦å„²å€¼ï¼Œå¦‚æžœæ²’æœ‰æ˜¯ä¸æ˜¯æœƒæœ‰ä¸€äº›æ­Œæ›²ä¸èƒ½è½,7.10.22,4,4
Ê€á´‡É´É´,éŸ³æ¨‚è¾¨è­˜,è«‹å•èƒ½å¦å°‡éŸ³æ¨‚è¾¨è­˜å¼„å›žä¾†ï¼Ÿ,7.10.22,5,5
Kofaaaaa,æ–°å¢žé›žè‚‹åŠŸèƒ½ã€ä»‹é¢è®Šå¾—å†—é•·,"ä¸å–œæ­¡ç²‰çµ²å¾½ç« é›žè‚‹åŠŸèƒ½ã€POSCASTä»‹é¢æ”¾åœ¨æœ€å‰é¢

ç”¨KKBOXå–®ç´”æ˜¯è½æ­Œï¼Œè¦æ‰¾è‡ªå·±å¦å­˜çš„æ­Œå–®éƒ½è¦å¾€ä¸‹æ»‘å¾ˆå¤šæ¬¡ï¼Œå¾ˆé›£ç”¨ï¼Œä½¿ç”¨è€…ä»‹é¢éžå¸¸ä¸è¦ªæ°‘ï¼Œå¦‚æžœçŸ­æœŸä¸æ”¹å–„çµ•å°è€ƒæ…®è·³æ§½",7.10.22,1,1
æœ€å¥½ä¸ç„¶,éŸ³æ¨‚è¾¨è­˜,é€™æ¬¡æ›´æ–°ä¹‹å¾Œæƒ³æ‰¾æ­Œï¼Œä½†ç™¼ç¾éŸ³æ¨‚è¾¨è­˜åŠŸèƒ½ä¸è¦‹äº†à²¥_à²¥è«‹å•å¯ä»¥æ”¹å›žä¾†å—Ž,7.10.22,5,5
melanieiscool,å¾ˆæ£’çš„éŸ³æ¨‚ä¸²æµapp,"appå¾ˆæ£’ï¼Œä¹Ÿç”¨äº†åå¹¾å¹´äº†ï¼ŒæŽ¨è–¦çµ¦å¤§å®¶ã€‚

ä½†åœ¨æœ€æ–°ä¸€æ¬¡æ›´æ–°v7.10.22å¾Œï¼Œä¸€æ‰“é–‹å°±å¡ä½ï¼ŒæŽ¥è‘—é–ƒé€€ã€‚å®Œå…¨ç„¡æ³•è½æ­Œ",7.10.22,5,5
chi0125,...,æ›´æ–°å¾Œé›¢ç·šæ­Œæ›²å®¹é‡è®Šæˆ500é¦–æ­Œæ›²ï¼ŒåŽŸå…ˆæ˜¯è¨­å®š4000åƒé¦–...çµæžœåŽŸæœ¬çš„æœ¬æ©Ÿé›¢ç·šæ­Œæ›²æœ‰2000å¤šé¦–ä¸è¦‹ä¸€å¤§å †...,7.10.22,1,1
Ning04,æ’­æ”¾æ¸…å–®ä¸è¦ä¸€ç›´é‡ç½®,æ¯æ¬¡æ’­é›¢ç·šä¸‹è¼‰çš„éŸ³æ¨‚æ’­åˆ°ä¸€åŠæš«åœä¸€é™£å­ï¼Œå›žä¾†å†ç¹¼çºŒæ’­æ”¾åŽŸæœ¬çš„æ’­æ”¾æ¸…å–® æ¸…å–®å°±æœƒè¢«é‡ç½®ï¼Œå¸Œæœ›å¯ä»¥ä¸è¦ä¸€ç›´reloadã€‚,7.10.22,4,4
ghyu8412,ç‚ºä»€éº¼éŸ“åœ‹æ­Œè¦æ”¾åœ¨è¥¿æ´‹æ­Œæ›²è£¡ï¼Ÿ,ç‚ºä»€éº¼ç‚ºä»€éº¼ï¼Ÿ,7.10.22,1,1
David and Kevin,Best choice,Itâ€™s a best place for listening,7.10.22,5,5
ccccjdushjsj,ä¸€ç›´ç•¶ï¼,å®Œå…¨é»žäº†ä¹Ÿæ²’è¾¦æ³•è½ï¼Œé€£é›¢ç·šæ­Œæ›²éƒ½æ˜¯å‚»çœ¼,7.10.22,1,1
iven cheng,Apple Watch fix,"ä¿®å¥½äº†é½
ä¸‹æ¬¡ä¸è¦å†é€™æ¨£äº†
åŠ æ²¹
è¬è¬",7.10.22,5,5
dex2kimo,Apple Watché€™å…©å¤©é€£ä¸ä¸Šï¼Ÿ,Apple Watché€™å…©å¤©é€£ä¸ä¸Šï¼Ÿæœƒé–ƒé€€,7.10.20,3,3
Debb1_,Apple Watch ä¸å¯ç”¨,ä½ å¥½ ä¸€ç›´å¾ˆå–œæ­¡ä½ å€‘å®¶ ä½†æ˜¯å¾žæ›´æ–°7.10.2å¾Œçªç„¶Apple watch æ‰“ä¸é–‹app æœƒç›´æŽ¥é–ƒé€€ å¸Œæœ›ä½ å€‘å¯ä»¥è§£æ±ºé€™å€‹å•é¡Œ è¬è¬,7.10.20,4,4
é‚„å¯ä»¥å”„,AWç„¡æ³•é–‹å•Ÿ,æ‰“é–‹å°±é–ƒé€€æ‰“é–‹å°±é–ƒé€€ï¼Œå¾ˆä¸ä¾¿ï¼,7.10.20,1,1
Carter li,æ›´æ–°å¾Œ Apple Watch é–ƒé€€å•¦,7.10.20ç‰ˆæœ¬ æ‰‹éŒ¶ä¸€ç›´éƒ½é–ƒé€€å•¦â‹¯â‹¯,7.10.20,2,2
yijie666,æ›´æ–°å¾Œæ‰‹éŒ¶ç„¡æ³•é–‹å•Ÿ,å¦‚é¡Œï¼Œæ›´æ–°å¾Œapple watchç„¡æ³•é–‹å•Ÿappï¼Œä¸€ç›´é–ƒé€€ï¼Œå¸Œæœ›è¶•å¿«æ”¹å–„,7.10.20,3,3
shdhgxhshsjwjhsh,Applewatchç„¡æ³•é–‹å•Ÿæ‡‰ç”¨ç¨‹å¼,"ç›®å‰applewatchç‰ˆæœ¬6.2.8
ç„¡æ³•é–‹å•ŸKKBOXä¸çŸ¥é“æ€Žéº¼å›žäº‹ï¼",7.10.20,3,3
å®‰å®‰éœéœçš„,æ›´æ–°å¾Œæ‰‹éŒ¶æŽ§æœƒé–ƒé€€ç„¡æ³•ä½¿ç”¨,æ›´æ–°å¾Œæ‰‹éŒ¶æŽ§æœƒé–ƒé€€ç„¡æ³•ä½¿ç”¨,7.10.20,5,5
å°ä¸é»žäºžå‡½,Apple Watch6.2.8,è«‹å• Watech æ‰‹éŒ¶ä¸Šæ²’è¾¦æ³•é–‹å•ŸAppæ˜¯ç‰ˆæœ¬é‚„å¤ªèˆŠå—ŽðŸ§ðŸ§ðŸ§ðŸ§,7.10.20,3,3
b*r*e*n,appå®Œå…¨ç„¡æ³•ä½¿ç”¨,appæ›´æ–°å¾Œå®Œå…¨æ‰“ä¸é–‹ ï¼Œç„¡æ³•ä½¿ç”¨,7.10.20,3,3
å¸Œæœ›ä½ å€‘æ›´å¥½,Apple watch æœƒé–ƒé€€,å¦‚é¡Œ æ›´æ–°éŽå¾Œapple watchä¸Šçš„appå°±æ‰“ä¸é–‹äº†,7.10.20,3,3
å–å‰©,çˆ›,çˆ›æ±è¥¿æ›´æ–°å®Œapple watchä¸èƒ½ç”¨,7.10.20,1,1
é˜¿å·´å·´å·´å·´å·´å·´,é–ƒé€€,Apple Watchçš„kkboxæ‰“ä¸é–‹ æœƒä¸€ç›´é–ƒé€€,7.10.20,3,3
Riruisfgesgjur,é–ƒé€€,Applewatchç˜‹ç‹‚é–ƒé€€,7.10.20,4,4
Xjdbvg,åˆ†äº«æ­Œè©žå»ºè­°,"æ›´æ–°å¾Œåˆ†äº«æ­Œè©žæœ‰åº•è‰²çœ‹èµ·ä¾†å¾ˆé†œ...
å¸Œæœ›èƒ½æ¢å¾©ä¹‹å‰çš„åˆ†äº«æ–¹å¼",7.10.20,4,4
éƒ½æ²’åœ¨æ›´æ–°,æ›´æ–°ä¹‹å¾Œapple watch ä¸èƒ½ç”¨,ä¸€ç›´é–ƒé€€...,7.10.20,1,1
ã‚ã¾ã®ã—ã„,WatchOSç‰ˆæœ¬æœƒé–ƒé€€,7.10.20ç‰ˆæœ¬æ›´æ–°å®Œï¼ŒApple Watch ä¸Šé¢çš„KKBOX APPæ‰“ä¸é–‹,7.10.20,2,2
1020011,è‡ªå‹•æ’­æ”¾å¤±æ•ˆ,æŸå¤©è‡ªå‹•æ’­æ”¾çªç„¶å¤±æ•ˆï¼Œä¸çŸ¥é“åŽŸå› ç‚ºä½•,7.10.20,5,5
å°å¹³-å¹³å“¥,æ›´æ–°å¾ŒApple Watchç„¡æ³•ä½¿ç”¨,é€™ç‰ˆæ›´æ–°å¾Œï¼ŒApple Watchç„¡æ³•ä½¿ç”¨ï¼Œé–ƒé€€,7.10.20,3,3
ç¶­é˜¿å°å°¼,å¸Œæœ›æ”¹å–„,æ‰‹éŒ¶çš„appå®Œå…¨æŽ›æŽ‰äº†,7.10.20,4,4
é˜¿å‡Lifestyle,Apple watch 5 é–ƒé€€,æ˜¨å¤©æ›´æ–°å®Œä¹‹å¾Œå°±æ²’æœ‰è¾¦æ³•åœ¨æ‰‹éŒ¶é–‹å•ŸKKBOXã€‚,7.10.20,3,3
ç¾Šæ¯æ¯,Apple watché–‹appæœƒé–ƒé€€,æˆ‘æ˜¨å¤©æ›´æ–°å®ŒappéŽå¾Œæˆ‘åœ¨æ‰‹éŒ¶ä¸Šè¦æ“ä½œå°±å‡ºç¾é–ƒé€€çš„ç¾è±¡,7.10.20,2,2
èµ·ç´šä¸é–‹å¿ƒ,ä¸€ç›´æ–·ç·šï¼,ä¸€ç›´æ–·é€£ä¸ä¸Š,7.10.20,5,5
ç–‘æƒ‘åœ°äºº,Apple watchæœƒè·³å‡ºé é¢,ä»Šå¤©å‰›æ›´æ–°å®Œï¼ŒApple watchå°±ç„¡æ³•è·³å‡ºkkboxçš„ç•«é¢äº†ï¼Œä¸çŸ¥é“æœ‰æ²’æœ‰äººè·Ÿæˆ‘ä¸€æ¨£çš„ç‹€æ³ðŸ˜­ðŸ˜­ðŸ˜­,7.10.20,5,5
æ„›æˆ€é¦™æ°´,çˆ›,ç‚ºä»€éº¼ä»Šå¤©æ›´æ–°å®Œæˆ‘çš„Apple watchä¸Šçš„KKBOXæ‰“ä¸é–‹...,7.10.20,1,1
æŸäºº00000,é‚„æˆ‘60å¤©ï¼!,"ä¸å¥½æ„æ€æˆ‘æ˜¯è³¼è²·$600ï¼ˆ120+60ï¼‰å¤©çš„é’å¹´æ–¹æ¡ˆ
å¯æ˜¯å®˜æ–¹åªçµ¦äº†120å¤©...",7.10.20,1,1
MiMi_1213,é«”é©—æ¥µå·®,"å–æ¶ˆæ”¶è—å€‹ä¸€å…©é¦–æ­Œå°±åœ¨é‚£é‚ŠåŒæ­¥æ­Œå–®ï¼Œæµªè²»å¥½å¹¾ç§’
å–æ¶ˆæ”¶è—ä¹Ÿæ˜¯è¶…ä¸æ–¹ä¾¿ï¼Œå®¹æ˜“æŒ‰åˆ°æ—é‚Šçš„æ‹–å‹•æ¢ï¼Œå½ˆå‡ºçš„å–æ¶ˆæ”¶è—æ¡†æ¡†æ²’æ„ç¾©ï¼Œåè€Œæ¯æ¬¡éƒ½è¦ç­‰ä»–æ¶ˆå¤±æ‰èƒ½æŒ‰ä¸‹ä¸€é¦–
çœŸå¿ƒå»ºè­°é‡æ–°è¨­è¨ˆä¸€ä¸‹ç‰ˆé¢",7.10.10,1,1
live1990128,æ–°å¢žPodcaståŠŸèƒ½,å¸Œæœ›èƒ½å°‡è½éŽçš„podcastæ–°å¢žé¡¯ç¤ºã€Œå·²æ’­æ”¾ã€ï¼Œé€™æ¨£å°±èƒ½æ¸…æ¥šçŸ¥é“æœ‰ç„¡è½éŽ,7.10.10,5,5
cchqazw,ç‚ºä»€éº¼æ›´æ–°å¾Œæ’­æ”¾éŸ³æ¨‚ï¼Œæ’­æ²’å¹¾å¥å°±åœäº†,ç‚ºä»€éº¼æ›´æ–°å¾Œæ’­æ”¾éŸ³æ¨‚ï¼Œæ’­æ²’å¹¾å¥å°±åœäº†,7.10.10,1,1
æš±ç¨±éƒ½è¢«ç”¨å®Œäº†ðŸ˜¤,APPæ–·ç·šå¤ªåš´é‡äº†,Appæ–·ç·šå¤ªåš´é‡äº†,7.10.10,1,1
æ€•è¢«æ•,å‰ªä¸‹è²¼ä¸Š,"ç‚ºä½•æŠŠå‰ªä¸‹è²¼ä¸ŠåŠŸèƒ½æ‹¿æŽ‰ï¼Ÿï¼Ÿï¼Ÿï¼Ÿé€™æ¨£ç·¨è¼¯æ­Œå–®è¶…é›£ç”¨= =
æ‹–æ›³å¾ˆé›£ç”¨ æˆ‘æ­Œå¾ˆå¤šä¸€é¦–è¦æ‹–ä¸€åˆ†å¤šé˜ è¦æ‹–åˆ°ä½•æ™‚",7.10.10,2,2
pocawu,CarPlayç„¡æ³•ä½¿ç”¨,3å¤©å‰çš„æ›´æ–°å¾ŒCarPlayå°±ä¸èƒ½ç”¨äº†,7.10.10,1,1
Don't ask me what is my name.,é€£çµchromecast,"çªç„¶ç„¡æ³•é€£çµchromecastæ¬¸
ä»¥å‰éƒ½å¯ä»¥ å˜–å˜–",7.10.10,1,1
Mavis Xie i7+,Carplayæ›´æ–°å¾Œä¸èƒ½ä½¿ç”¨,"æ˜¨å¤©æ›´æ–°äº†kkboxï¼Œä»Šå¤©ç„¡æ³•ç”¨carplayæ’­æ”¾kkboxï¼Œç¨‹å¼é‡æ–°ä¸‹è¼‰é‚„æ˜¯ä¸èƒ½æ‰“é–‹

æ›´æ–°  
ä¹‹å¾Œåˆçªç„¶å¯ä»¥ç”¨äº†ï¼Œè¬è¬",7.10.10,5,5
sail___,å°ˆè¼¯åˆ†äº«,å¸Œæœ›é™¤äº†åˆ†äº«å–®æ›²å¤–å¯ä»¥æ–°å¢žåˆ†äº«å°ˆè¼¯åˆ°instagramä¸Šçš„åŠŸèƒ½ã€‚,7.10.10,5,5
Rubio hong,æ­Œè¶…å°‘,å¼µæƒ å¦¹çš„æ­Œåªæœ‰14é¦–ï¼Ÿæˆ‘å‚»çœ¼,7.10.10,1,1
Skylink05,App æ›´æ–°å¾Œï¼Œ CarPlay ç„¡æ³•é€£çµ KK BOX ä»‹é¢,"æ›´æ–°å¾Œèƒ½é€²åŽ»Appäº†, ä½†æœƒå‡ºç¾ç„¡æ³•é€£çµKk Box , å†æŒ‰ä¸€æ¬¡é€£çµä»ç„¡æ³•å‡ºç¾æ­Œæ›²é¸å–®...
è«‹å„˜é€Ÿæ”¹é€²ï¼

å¦å¤–å»ºè­°ï¼š
èƒ½å¦åœ¨KK BOX ä»‹é¢ä¸‹ï¼Œç”¨èªžéŸ³æœå°‹æ‰¾æ­Œï¼Ÿé¡žä¼¼ Google map èªžéŸ³æœå°‹åœ°é»žä¸€æ¨£.
è¬è¬",7.10.10,1,1
æ’ç¨±,å¦‚æžœæœ‰è² æ˜Ÿçµ•å°ä¸æœƒçµ¦åˆ°ä¸€é¡†,"æ­Œå–®è£¡å¤§æ¦‚ä¸‰åˆ†ä¹‹ä¸€çš„æ­ŒæœªæŽˆæ¬Šä¸‹è¼‰ï¼Œå¦‚æžœåœ¨æ²’æœ‰ç¶²è·¯çš„åœ°æ–¹æ ¹æœ¬ä¸ç”¨è½
æœªæŽˆæ¬Šæ­Œæ›²è¶Šä¾†è¶Šå¤šã€‚
ä¹‹å‰èªªè¦çˆ­å–æŽˆæ¬Šçš„æ­Œæ›²ï¼Œä¸‰å¹´äº†ä¾ç„¶è½ä¸åˆ°ã€‚å†é¨™å•ŠKKBoxï¼Œç•¶ç”¨æˆ¶éƒ½å‚»å­å—Žï¼Ÿ",7.10.10,1,1
æš±ç¨±æ‰“ä»€éº¼éƒ½é¡¯ç¤ºå·²æœ‰äººä½¿ç”¨ðŸ™„ï¸,ï¼,æ›´æ–°å¾Œæœƒé–ƒé€€,7.10.10,1,1
hongmx0711,å¸Œæœ›,å¸Œæœ›å¯ä»¥åŒ¯å…¥youyubeæ­Œå–®,7.10.10,3,3
adrianivashkov,è¿…é€Ÿåœ°æ”¹å–„å·²çŸ¥å•é¡Œ,å•é¡Œä¸€å¯„å‡ºä¸åˆ°ä¸€å¤©å°±æœƒæœ‰å°ˆå“¡å”åŠ©å›žæ‡‰ï¼Œæœ€æ–°çš„ç‰ˆæœ¬ç”šè‡³æœ‰é ­ç²‰å¾½ç« çœŸçš„å¤ªå¯æ„›äº†ï¼,7.10.10,5,5
Y.Shanghua,è¨‚é–±ç™½é‡‘æœƒå“¡ï¼Œä¾ç„¶æ˜¯ä¸€èˆ¬æœƒå“¡,å·²æŒ‰ç…§èªªæ˜Žæ‰‹å‹•ä¸Šå‚³iTunesä»˜è²»æ•¸æ“šï¼Œä½†ä¾ç„¶é¡¯ç¤ºä¸€èˆ¬æœƒå“¡ã€‚å·²å°‡å•é¡Œä¸Šå‚³è‡³ç¾ä¸Šå®¢æœå¿«æ˜“é€šï¼Œå¯æ˜¯å®¢æœå›žå‡½æ²’æœ‰å›žä¿¡ã€‚,7.10.10,1,1
cindytu0919,æ­Œè©žä¸Šå‚³é€Ÿåº¦å¤ªæ…¢,æ‚¨å¥½ï¼Œè¿‘ä¾†åœ¨èªé¤Šæ­Œè©žæ™‚ï¼Œç™¼ç¾æ­Œè©žå·²æŠ•ç¨¿æˆåŠŸï¼Œä½†å»é²é²æœªæœ‰æ­Œè©žå‡ºç¾ï¼Œè¦ºå¾—å¯©æ ¸æ­Œè©žé€Ÿåº¦å¥½åƒæœ‰é»žä¹…ï¼Œä¹‹å‰æŠ•ç¨¿éŽå¹¾ä¹Žéƒ½ä¸€å…©å¤©å°±æœƒå‡ºç¾ï¼Œæ˜¯ä¸æ˜¯å¯ä»¥æ”¹å–„ä¸€ä¸‹å¯©æ ¸æ­Œè©žçš„é€Ÿåº¦ã€‚,7.10.10,4,4
å¼µè–å®,ç„¡æ³•ç™»å…¥,å¸³è™Ÿè¦è®“å¦ä¸€å€‹äººåŒæ™‚ä½¿ç”¨ï¼Œä½†ç„¡æ³•ç™»å…¥ï¼Œè«‹å„˜é€Ÿç‚ºæˆ‘è™•ç†,7.10.00,1,1
Mengswarch,æ„Ÿè¬ä¿®æ­£åš´é‡éŒ¯èª¤,"çµ‚æ–¼æŠŠé–‹èµ·ä¾†å»¶é²äº”ç§’çš„éŒ¯èª¤æ”¹å–„
è¬è¬",7.10.00,5,5
kkboxhelpme,ç‚ºä»€éº¼ä¸€ç›´å–®é¦–å¾ªç’°æ’­æ”¾ï¼Ÿ,æƒ³è«‹å•æ˜Žæ˜Žæ²’æœ‰è¨­ç½®å¾ªç’°æ’­æ”¾ã€éš¨æ©Ÿæ’­æ”¾ã€å–®æ›²æ’­æ”¾ï¼Œå»ä¸€ç›´é‡è¤‡åŒä¸€é¦–æ­Œï¼Œé‡æ–°ä¸‹è¼‰ä¹Ÿæ²’æœ‰è®Šæ­£å¸¸ï¼Œè«‹å•è©²æ€Žéº¼åšï¼Ÿ,7.10.00,5,5
12345qwertasdf,æ‰‹æ©Ÿappæ–°å¢žæ­Œè©žèªé¤ŠåŠŸèƒ½æœ‰éŒ¯èª¤,æˆ‘å·²ç¶“æŒ‰ç…§æ‰‹æ©ŸappåŠŸèƒ½ç·¨è¼¯æ­Œè©žæ™‚é–“ï¼Œä½†æˆ‘å»æ”¶åˆ°å›žè¦†ï¼Œèªªæˆ‘æ™‚é–“æ ¼å¼è¨­å®šéŒ¯èª¤ï¼Œè«‹é–‹ç™¼è€…æª¢é–±ä¸€ä¸‹iOSç‰ˆæœ¬çš„KKBOX appæ­Œè©žèªé¤ŠåŠŸèƒ½æ˜¯å¦æ­£å¸¸,7.10.00,1,1
waynewen205532,å¯å¦å¢žåŠ å¾…æ’­æ­Œæ›²åºåˆ—çš„åŠŸèƒ½,æœ‰æ™‚è½æ­Œå¸Œæœ›è½åˆ°ä¸‹ä¸€é¦–æ­Œæ˜¯æŸä¸€æ¢æ­Œï¼ŒAPPå¯å¦å¢žåŠ é€™å€‹åŠŸèƒ½å‘¢ï¼Ÿ,7.10.00,4,4
cynthia.jeff,éš¨æ©Ÿæ’­æ”¾é‡è¤‡æœ‰é™çš„ç¯„åœä»¥åŠä¸Šç·šäººæ•¸çš„é™åˆ¶,æœ‰å¾ˆå¥½çš„åŠŸèƒ½ï¼Œä¾‹å¦‚ï¼Œæœ‰å¾ˆå¤šç²¾å¿ƒè¨­è¨ˆçš„æ­Œå–®ï¼Œé‚„æœ‰éš¨è‘—ä½¿ç”¨è€…ç¿’æ…£è€Œå‡ºç¾ç›¸ä¼¼æ›²é¢¨çš„æ­Œå–®ï¼ŒæŽ’è¡Œæ¦œèˆ‡æ›²é¢¨åŠŸèƒ½å¾ˆæ–¹ä¾¿ï¼Œæ–°æ­ŒåŠŸèƒ½ä¹Ÿå¾ˆå¯¦ç”¨ï¼Œä½†éš¨æ©Ÿæ’­æ”¾å¸¸å¸¸æœƒå›ºå®šå¹¾é¦–æ­Œé‡è¤‡æ’­æ”¾ï¼Œä¼¼ä¹Žæ¼”ç®—æ³•ä¸å¤ å®Œæ•´ï¼Œå¦å¤–æ„Ÿè¦ºæ¯”è¼ƒå·®çš„æ˜¯ï¼Œåªè¦æœ‰å¦ä¸€å°é€£ç·šå°±æœƒå°éŽ–åŽŸæœ¬çš„é€£ç·šï¼Œå»ºè­°å¯ä»¥å¢žåŠ é€£ç·šäººæ•¸ä¸Šé™ï¼Œæˆ–é…Œé‡æ”¶å–è²»ç”¨ï¼Œåœ¨å¦ä¸€äººé€£ç·šæ™‚çµ¦äºˆé¸æ“‡ï¼Œæˆ–æ›´å¤šæ–¹æ¡ˆï¼Œåƒè€ƒç«¶çˆ­å°æ‰‹çš„åšæ³•ï¼Œä»¥ç›¸è¿‘çš„è²»ç”¨é–‹æ”¾å¤šäººé€£ç·š,7.10.00,4,4
Tina Liang 1345,iOSæ²’æœ‰è»Šç”¨æ¨¡å¼,Androidæœ‰è»Šç”¨æ¨¡å¼ï¼Œé–‹è»Šæ™‚æœ‰è¼ƒå¤§çš„æŒ‰éˆ•ä»‹é¢å¯ä»¥ä½¿ç”¨ï¼Œå¸Œæœ›iOSç‰ˆä¹Ÿå¯ä»¥æœ‰æ­¤åŠŸèƒ½ï¼Œæœƒæ–¹ä¾¿å¾ˆå¤šã€‚,7.10.00,4,4
çŠ¬ç³»æˆ€äººè®šå•¦,æ¼‚æµ®æ­Œè©ž,å¸Œæœ›èƒ½å¤ æœ‰æ¼‚æµ®æ­Œè©žå‡ºç¾åœ¨æ‰‹æ©Ÿçš„é é¢ä¸Š,7.10.00,5,5
yabiwu,æ›´æ–°å¾Œç„¡æ³•é€£æŽ¥apple carplay,æ˜¨å¤©æ›´æ–°å¾Œï¼Œä»Šæ—¥éƒ½ç„¡æ³•é€£æŽ¥apple CarPlay ~,7.10.00,3,3
Chris825007,å¾ˆæ£’çš„éŸ³æ¨‚è»Ÿé«”,ä½†å¸Œæœ›å¯ä»¥åœ¨Carplayä¸Šä¹Ÿèƒ½æœ‰æ­Œè©žé¡¯ç¤ºåŠŸèƒ½ï½ž,7.10.00,5,5
Yuhsiangkao,ç„¡æ³•éš¨æ©Ÿæ’­æ”¾,æ›´æ–°å®Œiosæœ€æ–°ç‰ˆæœ¬å¾Œå°±ç„¡æ³•éš¨æ©Ÿæ’­æ”¾äº†,7.10.00,4,4
æ€¡å›ï¼ˆç”œèœœã®é‹’èœœï¼‰,æ‰¾ä¸åˆ°ä¸‹è¼‰éŽå¾Œçš„æ­Œæ›²,æ‰¾ä¸åˆ°ä¸‹è¼‰éŽå¾Œçš„æ­Œæ›²,7.10.00,4,4
å‡¡å‡¡æ¯›,çµ¦å€‹å»ºè­°,å¯ä»¥å¢žåŠ ä»¥å‰æœ‰çš„ä½¿ç”¨æ³¨éŸ³å’Œè‹±æ–‡æœå°‹æ­Œæ‰‹åœ˜é«”å—Žï¼Ÿ,7.10.00,5,5
lyh333333,ä¸‹è¼‰éŽçš„æ­Œæ›²ä¸€ç›´è¦é‡æ–°ä¸‹è¼‰,æœ€è¿‘å¾ˆå¸¸é€™æ¨£,7.10.00,1,1
ë„ë‚ ë“œë•ì†,é—œæ–¼ä½¿ç”¨çš„å»ºè­°,"1.é–‹å§‹æ’­æ”¾æ­Œæ›²ä¹‹å¾Œï¼Œå¦‚æžœæˆ‘é»žå‡ºé‚£å€‹æ­Œå–®å†é»žé€²åŽ»ï¼Œé é¢æœƒä¸€æ¨£åœ¨æœ€ä¸Šé¢ï¼Œä½†äº‹å¯¦ä¸Šç›´æŽ¥å‡ºç¾åœ¨è©²é¦–æ­Œæ›²çš„ä½ç½®æ›´å¯¦ç”¨ã€‚ç•¢ç«Ÿæˆ‘å¸¸å¸¸åˆé»žé€²åŽ»å°±æ˜¯ç‚ºäº†çœ‹çœ‹å®ƒæŽ¥ä¸‹ä¾†å¹¾é¦–æ­Œæ˜¯ä»€éº¼å‘€ï¼

2.æˆ–è¨±å¯ä»¥å¢žåŠ è©•è«–ç•™è¨€ä¹‹é¡žçš„åŠŸèƒ½ï¼Ÿæ­Œæ›²çš„è©•è«–å€ï¼Œæœ‰æ™‚å€™å¾ˆæƒ³çœ‹çœ‹æ­Œæ›²ç›¸é—œçš„è¨Žè«–ã€‚

3.å¯ä»¥è€ƒæ…®å¢žåŠ ç¿»å”±ç‰ˆæœ¬çš„æ­Œæ›²å—Žï¼Ÿä¾‹å¦‚Conor Maynard,Alex Gootä¹‹é¡žæœ‰åçš„ç¿»å”±æ­Œæ‰‹ã€‚ä¸çŸ¥é“ç‰ˆæ¬Šæ–¹é¢å¯ä¸å¯è¡Œï¼Œä½†å¾ˆå¸Œæœ›ä¸ç”¨åŽ»ytå°±èƒ½è½ç¿»å”±ï½ž",7.10.00,4,4
åŒ—æ¥µç†Šå†¬çœ ,éŸ³æ¨‚é¬§é˜çš„éƒ¨åˆ†,ç¾åœ¨æ²’æœ‰éŸ³æ¨‚é¬§é˜äº†å—Ž@@,7.10.00,4,4
---------ling,æ‰“ä¸é–‹,æ›´æ–°å¾Œä¸€ç›´ç„¡æ³•æ‰“é–‹,7.9.10,2,2
-Syunnn,æ›´æ–°å¾Œé–ƒé€€,æ›´æ–°å¾Œä¸€ç›´é–ƒé€€ï¼Œå®Œå…¨æ²’è¾¦æ³•ä½¿ç”¨ï¼Œè«‹ç›¡å¿«è§£æ±ºæ­¤å•é¡Œ,7.9.10,2,2
